,spectrum_id,label,compound_id,parent_full_mw,ms1_rt,ms2_rt,ms2_max_intensity,parent_mz,parent_intensity,parent_fromms1_mz,parent_fromms1_intensity,scan_type,mzml_file,mzml_file_short,spectrum_folder,n_averaged,spectrum_ids_orig,flags,xlogp_predicted,xlogp_predicted_sd,isomer_flag
0,Ruthenium_AvSpec_0,1,Ruthenium_32,148.0161227724957,10.1543646,10.1681671,14521.490966796877,149.0233993724957,2898542.97509616,149.02346288811282,593328.65,positive,BS51_20161130_R14o3_Extraktion-MeOH-Acetone_Toluol-Chloroform_Kat-0_C18_ESI_pos_01.mzML-BS51_20161130_R14o3_Extraktion-MeOH-Acetone_Toluol-Chloroform_Kat-3_C18_ESI_pos_01.mzML-BS51_20161130_R14o3_Extraktion-MeOH-Acetone_Toluol-Chloroform_Kat-6_C18_ESI_pos_01.mzML-BS51_20161201_R14o3_Extraktion-MeOH-Acetone_Toluol-Chloroform_Kat-0_C18_ESI_pos_01.mzML-BS51_20161201_R14o3_Extraktion-MeOH-Acetone_Toluol-Chloroform_Kat-0_C18_ESI_pos_02.mzML-BS51_20161201_R14o3_Extraktion-MeOH-Acetone_Toluol-Chloroform_Kat-3_C18_ESI_pos_01.mzML-BS51_20161201_R14o3_Extraktion-MeOH-Acetone_Toluol-Chloroform_Kat-3_C18_ESI_pos_02.mzML-BS51_20161201_R14o3_Extraktion-MeOH-Acetone_Toluol-Chloroform_Kat-6_C18_ESI_pos_02.mzML,20161130_Kat-0_pos_01-20161130_Kat-3_pos_01-20161130_Kat-6_pos_01-20161201_Kat-0_pos_01-20161201_Kat-0_pos_02-20161201_Kat-3_pos_01-20161201_Kat-3_pos_02-20161201_Kat-6_pos_02,Ruthenium,10.0,20161130_Kat0_pos_01_1616-20161130_Kat3_pos_01_1617-20161130_Kat6_pos_01_1619-20161130_Kat6_pos_01_1629-20161201_Kat0_pos_01_1831-20161201_Kat0_pos_02_1649-20161201_Kat3_pos_01_1670-20161201_Kat3_pos_02_1654-20161201_Kat6_pos_02_1653-20161201_Kat6_pos_02_1691,1,2.306928581339876,0.9860550769736016,1
1,Ruthenium_AvSpec_1,1,Ruthenium_86,325.370699208451,11.059869333333332,11.070817,126387.0,326.377975808451,2715728.261462,326.3775826660218,506526.8125,positive,BS51_20161130_R14o3_Extraktion-MeOH-Acetone_Toluol-Chloroform_Kat-0_C18_ESI_pos_01.mzML-BS51_20161130_R14o3_Extraktion-MeOH-Acetone_Toluol-Chloroform_Kat-3_C18_ESI_pos_01.mzML-BS51_20161130_R14o3_Extraktion-MeOH-Acetone_Toluol-Chloroform_Kat-6_C18_ESI_pos_01.mzML,20161130_Kat-0_pos_01-20161130_Kat-3_pos_01-20161130_Kat-6_pos_01,Ruthenium,3.0,20161130_Kat0_pos_01_1764-20161130_Kat3_pos_01_1762-20161130_Kat6_pos_01_1769,1,2.8807511586114183,1.0992163715860315,2
2,Ruthenium_AvSpec_2,1,Ruthenium_07,206.021620993683,6.6346218,6.6492031,8583.609375,207.028897593683,426439.6631241,207.02890917376865,88798.7265625,positive,BS51_20161130_R14o3_Extraktion-MeOH-Acetone_Toluol-Chloroform_Kat-3_C18_ESI_pos_01.mzML,20161130_Kat-3_pos_01,Ruthenium,1.0,20161130_Kat3_pos_01_1052,1,0.06989183895972319,0.5570768369730348,1
3,Ruthenium_AvSpec_3,1,Ruthenium_52,178.07820868189197,9.8448618,9.8571064,32931.6611328125,179.08548528189198,1364385.8347820002,179.08560487527174,235928.359375,positive,BS51_20161130_R14o3_Extraktion-MeOH-Acetone_Toluol-Chloroform_Kat-3_C18_ESI_pos_01.mzML-BS51_20161201_R14o3_Extraktion-MeOH-Acetone_Toluol-Chloroform_Kat-3_C18_ESI_pos_02.mzML,20161130_Kat-3_pos_01-20161201_Kat-3_pos_02,Ruthenium,2.0,20161130_Kat3_pos_01_1566-20161201_Kat3_pos_02_1608,1,2.109184525131716,0.9472306589437184,1
4,Ruthenium_AvSpec_4,1,Ruthenium_53,192.0939804092855,10.3913255,10.4085655,46196.7802734375,193.10125700928552,1304043.0346146,193.10133315621965,237811.7734375,positive,BS51_20161130_R14o3_Extraktion-MeOH-Acetone_Toluol-Chloroform_Kat-3_C18_ESI_pos_01.mzML,20161130_Kat-3_pos_01,Ruthenium,2.0,20161130_Kat3_pos_01_1646-20161130_Kat3_pos_01_1657,1,2.4597519843668474,1.0161252101330047,1
5,Ruthenium_AvSpec_5,1,Ruthenium_49,206.109559947852,10.937332,10.956117,19457.6171875,207.116836547852,1581860.146284,207.11713513158543,170852.15625,positive,BS51_20161130_R14o3_Extraktion-MeOH-Acetone_Toluol-Chloroform_Kat-3_C18_ESI_pos_01.mzML,20161130_Kat-3_pos_01,Ruthenium,1.0,20161130_Kat3_pos_01_1742,1,2.8078353474945645,1.0848010007556226,1
6,Ruthenium_AvSpec_6,1,Ruthenium_51,206.109595551693,11.096319333333334,11.11548,28638.430338541668,207.116872151693,2109507.140716667,207.11710670265848,261228.5208333333,positive,BS51_20161130_R14o3_Extraktion-MeOH-Acetone_Toluol-Chloroform_Kat-3_C18_ESI_pos_01.mzML,20161130_Kat-3_pos_01,Ruthenium,3.0,20161130_Kat3_pos_01_1754-20161130_Kat3_pos_01_1770-20161130_Kat3_pos_01_1782,1,2.9091438253238153,1.1048320937840095,1
7,Ruthenium_AvSpec_7,1,Ruthenium_48,220.1251695295485,11.6071315,11.6190815,35499.6259765625,221.1324461295485,1322924.9982625,221.1323998472461,258081.640625,positive,BS51_20161130_R14o3_Extraktion-MeOH-Acetone_Toluol-Chloroform_Kat-3_C18_ESI_pos_01.mzML,20161130_Kat-3_pos_01,Ruthenium,2.0,20161130_Kat3_pos_01_1850-20161130_Kat3_pos_01_1861,1,3.229287782186619,1.1682436130610079,1
8,Ruthenium_AvSpec_8,1,Ruthenium_46,234.140845741954,12.078645,12.08837,32188.21875,235.148122341954,1183229.994247,235.14822879031223,212322.15625,positive,BS51_20161130_R14o3_Extraktion-MeOH-Acetone_Toluol-Chloroform_Kat-3_C18_ESI_pos_01.mzML,20161130_Kat-3_pos_01,Ruthenium,1.0,20161130_Kat3_pos_01_1937,1,3.527618659477906,1.2274692762325294,1
9,Ruthenium_AvSpec_9,1,Ruthenium_36,208.088884212262,12.170656,12.184929,24134.490234375,209.096160812262,1381487.578873,209.09631806157228,202523.140625,positive,BS51_20161130_R14o3_Extraktion-MeOH-Acetone_Toluol-Chloroform_Kat-3_C18_ESI_pos_01.mzML,20161130_Kat-3_pos_01,Ruthenium,1.0,20161130_Kat3_pos_01_1954,1,3.5890020753944913,1.2396696869871495,2
10,Ruthenium_AvSpec_10,1,Ruthenium_26,390.2767081946439,15.021724,15.030142444444444,586745.171875,391.2839847946439,8683265.881969778,391.28364460394033,1723768.076388889,positive,BS51_20161130_R14o3_Extraktion-MeOH-Acetone_Toluol-Chloroform_Kat-6_C18_ESI_pos_01.mzML-BS51_20161201_R14o3_Extraktion-MeOH-Acetone_Toluol-Chloroform_Kat-0_C18_ESI_pos_02.mzML-BS51_20161201_R14o3_Extraktion-MeOH-Acetone_Toluol-Chloroform_Kat-3_C18_ESI_pos_01.mzML-BS51_20161201_R14o3_Extraktion-MeOH-Acetone_Toluol-Chloroform_Kat-3_C18_ESI_pos_02.mzML,20161130_Kat-6_pos_01-20161201_Kat-0_pos_02-20161201_Kat-3_pos_01-20161201_Kat-3_pos_02,Ruthenium,9.0,20161130_Kat6_pos_01_2531-20161201_Kat0_pos_02_2565-20161201_Kat0_pos_02_2575-20161201_Kat0_pos_02_2587-20161201_Kat3_pos_01_2662-20161201_Kat3_pos_01_2672-20161201_Kat3_pos_01_2684-20161201_Kat3_pos_02_2578-20161201_Kat3_pos_02_2588,1,5.397729591543061,1.600774559388309,2
11,Ruthenium_AvSpec_11,1,Ruthenium_78,228.20856266809287,9.62600575,9.633306527272726,939904.4474431818,227.20128606809288,27770788.49851227,227.20116657493284,5666132.551136363,negative,BS51_20161201_R14o3_Extraktion-MeOH-Acetone_Toluol-Chloroform_Kat-0_C18_ESI_neg_01.mzML-BS51_20161201_R14o3_Extraktion-MeOH-Acetone_Toluol-Chloroform_Kat-0_C18_ESI_neg_02.mzML-BS51_20161201_R14o3_Extraktion-MeOH-Acetone_Toluol-Chloroform_Kat-0_C18_ESI_neg_03.mzML-BS51_20161201_R14o3_Extraktion-MeOH-Acetone_Toluol-Chloroform_Kat-3_C18_ESI_neg_01.mzML-BS51_20161201_R14o3_Extraktion-MeOH-Acetone_Toluol-Chloroform_Kat-3_C18_ESI_neg_02.mzML-BS51_20161201_R14o3_Extraktion-MeOH-Acetone_Toluol-Chloroform_Kat-3_C18_ESI_neg_03.mzML-BS51_20161201_R14o3_Extraktion-MeOH-Acetone_Toluol-Chloroform_Kat-6_C18_ESI_neg_01.mzML-BS51_20161201_R14o3_Extraktion-MeOH-Acetone_Toluol-Chloroform_Kat-6_C18_ESI_neg_02.mzML,20161201_Kat-0_neg_01-20161201_Kat-0_neg_02-20161201_Kat-0_neg_03-20161201_Kat-3_neg_01-20161201_Kat-3_neg_02-20161201_Kat-3_neg_03-20161201_Kat-6_neg_01-20161201_Kat-6_neg_02,Ruthenium,22.0,20161201_Kat0_neg_01_1971-20161201_Kat0_neg_01_1981-20161201_Kat0_neg_01_1993-20161201_Kat0_neg_01_2005-20161201_Kat0_neg_02_1977-20161201_Kat0_neg_02_1989-20161201_Kat0_neg_03_1975-20161201_Kat0_neg_03_1986-20161201_Kat3_neg_01_1975-20161201_Kat3_neg_01_1985-20161201_Kat3_neg_01_1997-20161201_Kat3_neg_02_1997-20161201_Kat3_neg_03_1959-20161201_Kat3_neg_03_1971-20161201_Kat3_neg_03_1994-20161201_Kat6_neg_01_1961-20161201_Kat6_neg_01_1973-20161201_Kat6_neg_01_1997-20161201_Kat6_neg_01_2009-20161201_Kat6_neg_02_1943-20161201_Kat6_neg_02_1965-20161201_Kat6_neg_02_1989,21,1.9669129536604235,0.9193626822005853,1
12,Ruthenium_AvSpec_12,1,Ruthenium_74,254.2245036130253,9.96366478125,9.97285744375,673700.955078125,253.2172270130253,18756985.653835878,253.2169905197213,3827041.77734375,negative,BS51_20161201_R14o3_Extraktion-MeOH-Acetone_Toluol-Chloroform_Kat-0_C18_ESI_neg_01.mzML-BS51_20161201_R14o3_Extraktion-MeOH-Acetone_Toluol-Chloroform_Kat-3_C18_ESI_neg_01.mzML-BS51_20161201_R14o3_Extraktion-MeOH-Acetone_Toluol-Chloroform_Kat-3_C18_ESI_neg_02.mzML-BS51_20161201_R14o3_Extraktion-MeOH-Acetone_Toluol-Chloroform_Kat-3_C18_ESI_neg_03.mzML-BS51_20161201_R14o3_Extraktion-MeOH-Acetone_Toluol-Chloroform_Kat-6_C18_ESI_neg_01.mzML-BS51_20161201_R14o3_Extraktion-MeOH-Acetone_Toluol-Chloroform_Kat-6_C18_ESI_neg_02.mzML-BS51_20161201_R14o3_Extraktion-MeOH-Acetone_Toluol-Chloroform_Kat-6_C18_ESI_neg_03.mzML,20161201_Kat-0_neg_01-20161201_Kat-3_neg_01-20161201_Kat-3_neg_02-20161201_Kat-3_neg_03-20161201_Kat-6_neg_01-20161201_Kat-6_neg_02-20161201_Kat-6_neg_03,Ruthenium,16.0,20161201_Kat0_neg_01_2055-20161201_Kat0_neg_01_2071-20161201_Kat3_neg_01_2066-20161201_Kat3_neg_01_2078-20161201_Kat3_neg_01_2091-20161201_Kat3_neg_02_2022-20161201_Kat3_neg_03_2059-20161201_Kat6_neg_01_2034-20161201_Kat6_neg_01_2045-20161201_Kat6_neg_01_2057-20161201_Kat6_neg_01_2069-20161201_Kat6_neg_02_2034-20161201_Kat6_neg_02_2046-20161201_Kat6_neg_02_2058-20161201_Kat6_neg_02_2070-20161201_Kat6_neg_03_2042,21,2.1827684941173624,0.9616661297704673,2
13,Ruthenium_AvSpec_13,1,Ruthenium_80,242.22432610145032,10.003719863636364,10.012431186363637,725062.3245738636,241.2170495014504,17818040.37013227,241.2167189080499,3663942.715909091,negative,BS51_20161201_R14o3_Extraktion-MeOH-Acetone_Toluol-Chloroform_Kat-0_C18_ESI_neg_01.mzML-BS51_20161201_R14o3_Extraktion-MeOH-Acetone_Toluol-Chloroform_Kat-0_C18_ESI_neg_02.mzML-BS51_20161201_R14o3_Extraktion-MeOH-Acetone_Toluol-Chloroform_Kat-0_C18_ESI_neg_03.mzML-BS51_20161201_R14o3_Extraktion-MeOH-Acetone_Toluol-Chloroform_Kat-3_C18_ESI_neg_01.mzML-BS51_20161201_R14o3_Extraktion-MeOH-Acetone_Toluol-Chloroform_Kat-3_C18_ESI_neg_02.mzML-BS51_20161201_R14o3_Extraktion-MeOH-Acetone_Toluol-Chloroform_Kat-3_C18_ESI_neg_03.mzML-BS51_20161201_R14o3_Extraktion-MeOH-Acetone_Toluol-Chloroform_Kat-6_C18_ESI_neg_01.mzML-BS51_20161201_R14o3_Extraktion-MeOH-Acetone_Toluol-Chloroform_Kat-6_C18_ESI_neg_02.mzML,20161201_Kat-0_neg_01-20161201_Kat-0_neg_02-20161201_Kat-0_neg_03-20161201_Kat-3_neg_01-20161201_Kat-3_neg_02-20161201_Kat-3_neg_03-20161201_Kat-6_neg_01-20161201_Kat-6_neg_02,Ruthenium,22.0,20161201_Kat0_neg_01_2067-20161201_Kat0_neg_01_2078-20161201_Kat0_neg_02_2050-20161201_Kat0_neg_02_2062-20161201_Kat0_neg_03_2063-20161201_Kat0_neg_03_2074-20161201_Kat3_neg_01_2059-20161201_Kat3_neg_01_2071-20161201_Kat3_neg_01_2082-20161201_Kat3_neg_01_2094-20161201_Kat3_neg_01_2106-20161201_Kat3_neg_02_2030-20161201_Kat3_neg_02_2066-20161201_Kat3_neg_03_2050-20161201_Kat3_neg_03_2062-20161201_Kat3_neg_03_2074-20161201_Kat3_neg_03_2098-20161201_Kat6_neg_01_2037-20161201_Kat6_neg_01_2049-20161201_Kat6_neg_01_2061-20161201_Kat6_neg_02_2037-20161201_Kat6_neg_02_2049,21,2.207925874602126,0.9666046880980623,1
14,Ruthenium_AvSpec_14,1,Ruthenium_79,242.22426964852963,10.2099540625,10.2199828125,408050.1005859375,241.2169930485296,11079517.647225438,241.21672250099977,2257323.75390625,negative,BS51_20161201_R14o3_Extraktion-MeOH-Acetone_Toluol-Chloroform_Kat-0_C18_ESI_neg_01.mzML-BS51_20161201_R14o3_Extraktion-MeOH-Acetone_Toluol-Chloroform_Kat-0_C18_ESI_neg_02.mzML-BS51_20161201_R14o3_Extraktion-MeOH-Acetone_Toluol-Chloroform_Kat-0_C18_ESI_neg_03.mzML-BS51_20161201_R14o3_Extraktion-MeOH-Acetone_Toluol-Chloroform_Kat-3_C18_ESI_neg_01.mzML-BS51_20161201_R14o3_Extraktion-MeOH-Acetone_Toluol-Chloroform_Kat-3_C18_ESI_neg_02.mzML-BS51_20161201_R14o3_Extraktion-MeOH-Acetone_Toluol-Chloroform_Kat-3_C18_ESI_neg_03.mzML-BS51_20161201_R14o3_Extraktion-MeOH-Acetone_Toluol-Chloroform_Kat-6_C18_ESI_neg_01.mzML-BS51_20161201_R14o3_Extraktion-MeOH-Acetone_Toluol-Chloroform_Kat-6_C18_ESI_neg_02.mzML-BS51_20161201_R14o3_Extraktion-MeOH-Acetone_Toluol-Chloroform_Kat-6_C18_ESI_neg_03.mzML,20161201_Kat-0_neg_01-20161201_Kat-0_neg_02-20161201_Kat-0_neg_03-20161201_Kat-3_neg_01-20161201_Kat-3_neg_02-20161201_Kat-3_neg_03-20161201_Kat-6_neg_01-20161201_Kat-6_neg_02-20161201_Kat-6_neg_03,Ruthenium,16.0,20161201_Kat0_neg_01_2091-20161201_Kat0_neg_01_2102-20161201_Kat0_neg_01_2119-20161201_Kat0_neg_02_2074-20161201_Kat0_neg_02_2086-20161201_Kat0_neg_02_2099-20161201_Kat0_neg_03_2087-20161201_Kat3_neg_01_2131-20161201_Kat3_neg_02_2078-20161201_Kat3_neg_02_2090-20161201_Kat3_neg_02_2102-20161201_Kat3_neg_03_2122-20161201_Kat6_neg_01_2121-20161201_Kat6_neg_02_2097-20161201_Kat6_neg_02_2110-20161201_Kat6_neg_03_2107,21,2.339868291065553,0.9925318311970085,1
15,Ruthenium_AvSpec_15,1,Ruthenium_78,228.20843801131588,9.628641750000002,9.635773605,1066461.82265625,227.20116141131584,32413485.4074033,227.2011760708618,6690328.65625,negative,BS51_20161201_R14o3_Extraktion-MeOH-Acetone_Toluol-Chloroform_Kat-0_C18_ESI_neg_02.mzML-BS51_20161201_R14o3_Extraktion-MeOH-Acetone_Toluol-Chloroform_Kat-0_C18_ESI_neg_03.mzML-BS51_20161201_R14o3_Extraktion-MeOH-Acetone_Toluol-Chloroform_Kat-3_C18_ESI_neg_01.mzML-BS51_20161201_R14o3_Extraktion-MeOH-Acetone_Toluol-Chloroform_Kat-3_C18_ESI_neg_02.mzML-BS51_20161201_R14o3_Extraktion-MeOH-Acetone_Toluol-Chloroform_Kat-3_C18_ESI_neg_03.mzML-BS51_20161201_R14o3_Extraktion-MeOH-Acetone_Toluol-Chloroform_Kat-6_C18_ESI_neg_01.mzML-BS51_20161201_R14o3_Extraktion-MeOH-Acetone_Toluol-Chloroform_Kat-6_C18_ESI_neg_02.mzML-BS51_20161201_R14o3_Extraktion-MeOH-Acetone_Toluol-Chloroform_Kat-6_C18_ESI_neg_03.mzML,20161201_Kat-0_neg_02-20161201_Kat-0_neg_03-20161201_Kat-3_neg_01-20161201_Kat-3_neg_02-20161201_Kat-3_neg_03-20161201_Kat-6_neg_01-20161201_Kat-6_neg_02-20161201_Kat-6_neg_03,Ruthenium,20.0,20161201_Kat0_neg_02_1955-20161201_Kat0_neg_02_1965-20161201_Kat0_neg_03_1963-20161201_Kat0_neg_03_1998-20161201_Kat3_neg_01_2009-20161201_Kat3_neg_01_2022-20161201_Kat3_neg_02_1939-20161201_Kat3_neg_02_1961-20161201_Kat3_neg_02_1973-20161201_Kat3_neg_02_1985-20161201_Kat3_neg_03_1982-20161201_Kat3_neg_03_2006-20161201_Kat6_neg_01_1951-20161201_Kat6_neg_01_1985-20161201_Kat6_neg_02_1953-20161201_Kat6_neg_02_1977-20161201_Kat6_neg_02_2001-20161201_Kat6_neg_03_1965-20161201_Kat6_neg_03_2001-20161201_Kat6_neg_03_2013,21,1.9684812969348138,0.9196695686484648,1
16,Ruthenium_AvSpec_16,1,Ruthenium_80,242.22416965078827,10.028258475,10.03494375,1580243.7734375,241.21689305078823,38673906.262093246,241.21675600225348,8156469.21875,negative,BS51_20161201_R14o3_Extraktion-MeOH-Acetone_Toluol-Chloroform_Kat-0_C18_ESI_neg_03.mzML-BS51_20161201_R14o3_Extraktion-MeOH-Acetone_Toluol-Chloroform_Kat-6_C18_ESI_neg_02.mzML-BS51_20161201_R14o3_Extraktion-MeOH-Acetone_Toluol-Chloroform_Kat-6_C18_ESI_neg_03.mzML,20161201_Kat-0_neg_03-20161201_Kat-6_neg_02-20161201_Kat-6_neg_03,Ruthenium,4.0,20161201_Kat0_neg_03_2051-20161201_Kat6_neg_02_2073-20161201_Kat6_neg_03_2057-20161201_Kat6_neg_03_2093,21,2.2222373117238807,0.9694148417589132,1
17,Ruthenium_AvSpec_17,1,Ruthenium_72,226.1929785095071,8.747908125,8.7600695625,36676.594970703125,227.2002551095071,3059429.535104375,227.2004419473861,266728.35546875,positive,BS51_20161201_R14o3_Extraktion-MeOH-Acetone_Toluol-Chloroform_Kat-0_C18_ESI_pos_01.mzML-BS51_20161201_R14o3_Extraktion-MeOH-Acetone_Toluol-Chloroform_Kat-0_C18_ESI_pos_03.mzML-BS51_20161201_R14o3_Extraktion-MeOH-Acetone_Toluol-Chloroform_Kat-3_C18_ESI_pos_01.mzML-BS51_20161201_R14o3_Extraktion-MeOH-Acetone_Toluol-Chloroform_Kat-3_C18_ESI_pos_02.mzML-BS51_20161201_R14o3_Extraktion-MeOH-Acetone_Toluol-Chloroform_Kat-3_C18_ESI_pos_03.mzML-BS51_20161201_R14o3_Extraktion-MeOH-Acetone_Toluol-Chloroform_Kat-6_C18_ESI_pos_01.mzML-BS51_20161201_R14o3_Extraktion-MeOH-Acetone_Toluol-Chloroform_Kat-6_C18_ESI_pos_02.mzML-BS51_20161201_R14o3_Extraktion-MeOH-Acetone_Toluol-Chloroform_Kat-6_C18_ESI_pos_03.mzML,20161201_Kat-0_pos_01-20161201_Kat-0_pos_03-20161201_Kat-3_pos_01-20161201_Kat-3_pos_02-20161201_Kat-3_pos_03-20161201_Kat-6_pos_01-20161201_Kat-6_pos_02-20161201_Kat-6_pos_03,Ruthenium,8.0,20161201_Kat0_pos_01_1573-20161201_Kat0_pos_03_1437-20161201_Kat3_pos_01_1429-20161201_Kat3_pos_02_1426-20161201_Kat3_pos_03_1448-20161201_Kat6_pos_01_1482-20161201_Kat6_pos_02_1429-20161201_Kat6_pos_03_1451,21,1.4117884411615411,0.811259602932172,1
18,Ruthenium_AvSpec_18,1,Ruthenium_74,254.224277281021,9.8821986375,9.89548945,14379.770324707031,255.231553881021,1525201.2524223248,255.231658317172,247090.509765625,positive,BS51_20161201_R14o3_Extraktion-MeOH-Acetone_Toluol-Chloroform_Kat-0_C18_ESI_pos_01.mzML-BS51_20161201_R14o3_Extraktion-MeOH-Acetone_Toluol-Chloroform_Kat-0_C18_ESI_pos_02.mzML-BS51_20161201_R14o3_Extraktion-MeOH-Acetone_Toluol-Chloroform_Kat-0_C18_ESI_pos_03.mzML-BS51_20161201_R14o3_Extraktion-MeOH-Acetone_Toluol-Chloroform_Kat-3_C18_ESI_pos_01.mzML-BS51_20161201_R14o3_Extraktion-MeOH-Acetone_Toluol-Chloroform_Kat-3_C18_ESI_pos_02.mzML-BS51_20161201_R14o3_Extraktion-MeOH-Acetone_Toluol-Chloroform_Kat-6_C18_ESI_pos_01.mzML-BS51_20161201_R14o3_Extraktion-MeOH-Acetone_Toluol-Chloroform_Kat-6_C18_ESI_pos_02.mzML-BS51_20161201_R14o3_Extraktion-MeOH-Acetone_Toluol-Chloroform_Kat-6_C18_ESI_pos_03.mzML,20161201_Kat-0_pos_01-20161201_Kat-0_pos_02-20161201_Kat-0_pos_03-20161201_Kat-3_pos_01-20161201_Kat-3_pos_02-20161201_Kat-6_pos_01-20161201_Kat-6_pos_02-20161201_Kat-6_pos_03,Ruthenium,8.0,20161201_Kat0_pos_01_1787-20161201_Kat0_pos_02_1609-20161201_Kat0_pos_03_1623-20161201_Kat3_pos_01_1630-20161201_Kat3_pos_02_1621-20161201_Kat6_pos_01_1697-20161201_Kat6_pos_02_1620-20161201_Kat6_pos_03_1636,22,2.1335849717218536,0.9520158610808233,2
19,Ruthenium_AvSpec_19,1,Ruthenium_32,148.0160253826035,10.1929855,10.200093399999997,27894.802506510416,149.02330198260353,9009076.32934922,149.02324249474847,1967115.54296875,positive,BS51_20161201_R14o3_Extraktion-MeOH-Acetone_Toluol-Chloroform_Kat-0_C18_ESI_pos_01.mzML-BS51_20161201_R14o3_Extraktion-MeOH-Acetone_Toluol-Chloroform_Kat-0_C18_ESI_pos_02.mzML-BS51_20161201_R14o3_Extraktion-MeOH-Acetone_Toluol-Chloroform_Kat-0_C18_ESI_pos_03.mzML-BS51_20161201_R14o3_Extraktion-MeOH-Acetone_Toluol-Chloroform_Kat-3_C18_ESI_pos_01.mzML-BS51_20161201_R14o3_Extraktion-MeOH-Acetone_Toluol-Chloroform_Kat-3_C18_ESI_pos_02.mzML-BS51_20161201_R14o3_Extraktion-MeOH-Acetone_Toluol-Chloroform_Kat-3_C18_ESI_pos_03.mzML-BS51_20161201_R14o3_Extraktion-MeOH-Acetone_Toluol-Chloroform_Kat-6_C18_ESI_pos_01.mzML-BS51_20161201_R14o3_Extraktion-MeOH-Acetone_Toluol-Chloroform_Kat-6_C18_ESI_pos_02.mzML-BS51_20161201_R14o3_Extraktion-MeOH-Acetone_Toluol-Chloroform_Kat-6_C18_ESI_pos_03.mzML,20161201_Kat-0_pos_01-20161201_Kat-0_pos_02-20161201_Kat-0_pos_03-20161201_Kat-3_pos_01-20161201_Kat-3_pos_02-20161201_Kat-3_pos_03-20161201_Kat-6_pos_01-20161201_Kat-6_pos_02-20161201_Kat-6_pos_03,Ruthenium,30.0,20161201_Kat0_pos_01_1841-20161201_Kat0_pos_01_1853-20161201_Kat0_pos_02_1659-20161201_Kat0_pos_02_1671-20161201_Kat0_pos_03_1659-20161201_Kat0_pos_03_1669-20161201_Kat0_pos_03_1678-20161201_Kat0_pos_03_1689-20161201_Kat3_pos_01_1680-20161201_Kat3_pos_01_1692-20161201_Kat3_pos_01_1704-20161201_Kat3_pos_02_1664-20161201_Kat3_pos_02_1672-20161201_Kat3_pos_02_1684-20161201_Kat3_pos_03_1671-20161201_Kat3_pos_03_1681-20161201_Kat3_pos_03_1689-20161201_Kat3_pos_03_1697-20161201_Kat6_pos_01_1730-20161201_Kat6_pos_01_1740-20161201_Kat6_pos_01_1752-20161201_Kat6_pos_01_1764-20161201_Kat6_pos_01_1776-20161201_Kat6_pos_02_1663-20161201_Kat6_pos_02_1671-20161201_Kat6_pos_02_1683-20161201_Kat6_pos_03_1668-20161201_Kat6_pos_03_1678-20161201_Kat6_pos_03_1690-20161201_Kat6_pos_03_1702,1,2.327224414473791,0.9900454288853202,1
20,Ruthenium_AvSpec_20,1,Ruthenium_86,325.37049285473387,11.1680988,11.177468933333332,559648.30234375,326.37776945473394,8620662.745821673,326.3778029444538,1601525.5833333333,positive,BS51_20161201_R14o3_Extraktion-MeOH-Acetone_Toluol-Chloroform_Kat-0_C18_ESI_pos_01.mzML-BS51_20161201_R14o3_Extraktion-MeOH-Acetone_Toluol-Chloroform_Kat-0_C18_ESI_pos_03.mzML-BS51_20161201_R14o3_Extraktion-MeOH-Acetone_Toluol-Chloroform_Kat-3_C18_ESI_pos_01.mzML-BS51_20161201_R14o3_Extraktion-MeOH-Acetone_Toluol-Chloroform_Kat-3_C18_ESI_pos_02.mzML-BS51_20161201_R14o3_Extraktion-MeOH-Acetone_Toluol-Chloroform_Kat-3_C18_ESI_pos_03.mzML-BS51_20161201_R14o3_Extraktion-MeOH-Acetone_Toluol-Chloroform_Kat-6_C18_ESI_pos_01.mzML-BS51_20161201_R14o3_Extraktion-MeOH-Acetone_Toluol-Chloroform_Kat-6_C18_ESI_pos_02.mzML-BS51_20161201_R14o3_Extraktion-MeOH-Acetone_Toluol-Chloroform_Kat-6_C18_ESI_pos_03.mzML,20161201_Kat-0_pos_01-20161201_Kat-0_pos_03-20161201_Kat-3_pos_01-20161201_Kat-3_pos_02-20161201_Kat-3_pos_03-20161201_Kat-6_pos_01-20161201_Kat-6_pos_02-20161201_Kat-6_pos_03,Ruthenium,15.0,20161201_Kat0_pos_01_2026-20161201_Kat0_pos_03_1847-20161201_Kat3_pos_01_1854-20161201_Kat3_pos_01_1865-20161201_Kat3_pos_02_1838-20161201_Kat3_pos_02_1848-20161201_Kat3_pos_03_1851-20161201_Kat3_pos_03_1861-20161201_Kat6_pos_01_1920-20161201_Kat6_pos_01_1932-20161201_Kat6_pos_02_1833-20161201_Kat6_pos_02_1843-20161201_Kat6_pos_02_1856-20161201_Kat6_pos_03_1858-20161201_Kat6_pos_03_1879,1,2.948550742100351,1.1126285867083654,2
21,Ruthenium_AvSpec_21,1,Ruthenium_26,390.2765438203837,15.05165411764706,15.059415823529411,1363220.7693014706,391.2838204203836,22216693.82443971,391.2835670983471,4377421.102941177,positive,BS51_20161201_R14o3_Extraktion-MeOH-Acetone_Toluol-Chloroform_Kat-0_C18_ESI_pos_01.mzML-BS51_20161201_R14o3_Extraktion-MeOH-Acetone_Toluol-Chloroform_Kat-0_C18_ESI_pos_03.mzML-BS51_20161201_R14o3_Extraktion-MeOH-Acetone_Toluol-Chloroform_Kat-3_C18_ESI_pos_03.mzML-BS51_20161201_R14o3_Extraktion-MeOH-Acetone_Toluol-Chloroform_Kat-6_C18_ESI_pos_01.mzML-BS51_20161201_R14o3_Extraktion-MeOH-Acetone_Toluol-Chloroform_Kat-6_C18_ESI_pos_02.mzML-BS51_20161201_R14o3_Extraktion-MeOH-Acetone_Toluol-Chloroform_Kat-6_C18_ESI_pos_03.mzML,20161201_Kat-0_pos_01-20161201_Kat-0_pos_03-20161201_Kat-3_pos_03-20161201_Kat-6_pos_01-20161201_Kat-6_pos_02-20161201_Kat-6_pos_03,Ruthenium,17.0,20161201_Kat0_pos_01_2843-20161201_Kat0_pos_03_2581-20161201_Kat3_pos_03_2571-20161201_Kat3_pos_03_2581-20161201_Kat3_pos_03_2593-20161201_Kat3_pos_03_2606-20161201_Kat6_pos_01_2722-20161201_Kat6_pos_01_2732-20161201_Kat6_pos_01_2744-20161201_Kat6_pos_01_2757-20161201_Kat6_pos_02_2575-20161201_Kat6_pos_02_2587-20161201_Kat6_pos_02_2600-20161201_Kat6_pos_03_2560-20161201_Kat6_pos_03_2570-20161201_Kat6_pos_03_2582-20161201_Kat6_pos_03_2595,1,5.416338939233656,1.6045021954182088,2
22,Ruthenium_AvSpec_22,1,Ruthenium_72,226.193101817969,8.7592229,8.774,21272.82421875,227.200378417969,2020532.872688,227.20044380576616,238519.34375,positive,BS51_20161201_R14o3_Extraktion-MeOH-Acetone_Toluol-Chloroform_Kat-0_C18_ESI_pos_02.mzML,20161201_Kat-0_pos_02,Ruthenium,1.0,20161201_Kat0_pos_02_1424,21,1.4206441442960216,0.8129749028637965,1
23,Ruthenium_AvSpec_23,1,Ruthenium_52,178.07811487464235,9.8026269125,9.8141869875,137404.38354492188,179.08539147464236,3511087.8416093253,179.08517077439404,656537.029296875,positive,BS51_20161201_R14o3_Extraktion-MeOH-Acetone_Toluol-Chloroform_Kat-0_C18_ESI_pos_02.mzML-BS51_20161201_R14o3_Extraktion-MeOH-Acetone_Toluol-Chloroform_Kat-0_C18_ESI_pos_03.mzML-BS51_20161201_R14o3_Extraktion-MeOH-Acetone_Toluol-Chloroform_Kat-3_C18_ESI_pos_01.mzML-BS51_20161201_R14o3_Extraktion-MeOH-Acetone_Toluol-Chloroform_Kat-3_C18_ESI_pos_02.mzML-BS51_20161201_R14o3_Extraktion-MeOH-Acetone_Toluol-Chloroform_Kat-3_C18_ESI_pos_03.mzML,20161201_Kat-0_pos_02-20161201_Kat-0_pos_03-20161201_Kat-3_pos_01-20161201_Kat-3_pos_02-20161201_Kat-3_pos_03,Ruthenium,8.0,20161201_Kat0_pos_02_1597-20161201_Kat0_pos_03_1610-20161201_Kat3_pos_01_1608-20161201_Kat3_pos_01_1617-20161201_Kat3_pos_01_1628-20161201_Kat3_pos_02_1598-20161201_Kat3_pos_03_1619-20161201_Kat3_pos_03_1630,1,2.08190027251536,0.9418818301344254,1
24,Ruthenium_AvSpec_24,1,Ruthenium_53,192.0938113085916,10.338846285714286,10.348143285714286,306776.5133928572,193.10108790859164,6413734.750814008,193.10095234979457,1286441.5234375,positive,BS51_20161201_R14o3_Extraktion-MeOH-Acetone_Toluol-Chloroform_Kat-0_C18_ESI_pos_02.mzML-BS51_20161201_R14o3_Extraktion-MeOH-Acetone_Toluol-Chloroform_Kat-0_C18_ESI_pos_03.mzML-BS51_20161201_R14o3_Extraktion-MeOH-Acetone_Toluol-Chloroform_Kat-3_C18_ESI_pos_01.mzML-BS51_20161201_R14o3_Extraktion-MeOH-Acetone_Toluol-Chloroform_Kat-3_C18_ESI_pos_02.mzML-BS51_20161201_R14o3_Extraktion-MeOH-Acetone_Toluol-Chloroform_Kat-3_C18_ESI_pos_03.mzML,20161201_Kat-0_pos_02-20161201_Kat-0_pos_03-20161201_Kat-3_pos_01-20161201_Kat-3_pos_02-20161201_Kat-3_pos_03,Ruthenium,14.0,20161201_Kat0_pos_02_1689-20161201_Kat0_pos_03_1699-20161201_Kat3_pos_01_1700-20161201_Kat3_pos_01_1720-20161201_Kat3_pos_01_1733-20161201_Kat3_pos_01_1745-20161201_Kat3_pos_02_1678-20161201_Kat3_pos_02_1688-20161201_Kat3_pos_02_1696-20161201_Kat3_pos_02_1709-20161201_Kat3_pos_03_1695-20161201_Kat3_pos_03_1705-20161201_Kat3_pos_03_1713-20161201_Kat3_pos_03_1726,1,2.4213410448366046,1.0085622931381764,1
25,Ruthenium_AvSpec_25,1,Ruthenium_86,325.370625623676,11.169292,11.186201,487954.626953125,326.377902223676,3410023.6664505,326.3784168458789,639382.8125,positive,BS51_20161201_R14o3_Extraktion-MeOH-Acetone_Toluol-Chloroform_Kat-0_C18_ESI_pos_02.mzML-BS51_20161201_R14o3_Extraktion-MeOH-Acetone_Toluol-Chloroform_Kat-6_C18_ESI_pos_03.mzML,20161201_Kat-0_pos_02-20161201_Kat-6_pos_03,Ruthenium,2.0,20161201_Kat0_pos_02_1837-20161201_Kat6_pos_03_1848,1,2.9541017946175767,1.1137270499471146,2
26,Ruthenium_AvSpec_26,1,Ruthenium_26,390.2766301174302,15.0285942,15.038509,604185.428125,391.28390671743017,7867294.567985401,391.2834450776652,1536604.4625,positive,BS51_20161201_R14o3_Extraktion-MeOH-Acetone_Toluol-Chloroform_Kat-0_C18_ESI_pos_03.mzML-BS51_20161201_R14o3_Extraktion-MeOH-Acetone_Toluol-Chloroform_Kat-3_C18_ESI_pos_02.mzML-BS51_20161201_R14o3_Extraktion-MeOH-Acetone_Toluol-Chloroform_Kat-6_C18_ESI_pos_02.mzML,20161201_Kat-0_pos_03-20161201_Kat-3_pos_02-20161201_Kat-6_pos_02,Ruthenium,5.0,20161201_Kat0_pos_03_2559-20161201_Kat0_pos_03_2569-20161201_Kat3_pos_02_2600-20161201_Kat3_pos_02_2614-20161201_Kat6_pos_02_2565,1,5.403048285392985,1.6018399263949032,2
27,Ruthenium_AvSpec_27,1,Ruthenium_05,224.03155953906435,1.1776996000000002,1.1853238333333334,50440.852864583336,223.0242829390644,2553693.953898,223.02433441213492,567855.7604166666,negative,BS51_20161201_R14o3_Extraktion-MeOH-Acetone_Toluol-Chloroform_Kat-3_C18_ESI_neg_01.mzML-BS51_20161201_R14o3_Extraktion-MeOH-Acetone_Toluol-Chloroform_Kat-3_C18_ESI_neg_02.mzML-BS51_20161201_R14o3_Extraktion-MeOH-Acetone_Toluol-Chloroform_Kat-3_C18_ESI_neg_03.mzML,20161201_Kat-3_neg_01-20161201_Kat-3_neg_02-20161201_Kat-3_neg_03,Ruthenium,3.0,20161201_Kat3_neg_01_0241-20161201_Kat3_neg_02_0234-20161201_Kat3_neg_03_0237,1,-3.4035448530503265,0.3101911671407577,1
28,Ruthenium_AvSpec_28,1,Ruthenium_09,230.0575286123693,1.5715130000000002,1.5848844666666668,289211.171875,229.05025201236933,10586790.970935669,229.0503339416256,2199841.875,negative,BS51_20161201_R14o3_Extraktion-MeOH-Acetone_Toluol-Chloroform_Kat-3_C18_ESI_neg_01.mzML-BS51_20161201_R14o3_Extraktion-MeOH-Acetone_Toluol-Chloroform_Kat-3_C18_ESI_neg_02.mzML-BS51_20161201_R14o3_Extraktion-MeOH-Acetone_Toluol-Chloroform_Kat-3_C18_ESI_neg_03.mzML,20161201_Kat-3_neg_01-20161201_Kat-3_neg_02-20161201_Kat-3_neg_03,Ruthenium,3.0,20161201_Kat3_neg_01_0323-20161201_Kat3_neg_02_0315-20161201_Kat3_neg_03_0319,1,-3.1495406013514327,0.2798723095517893,1
29,Ruthenium_AvSpec_29,1,Ruthenium_19,236.08337218105495,7.458364533333333,7.470250566666667,213947.93229166663,235.076095581055,8599242.85851,235.0759905830052,692125.4375,negative,BS51_20161201_R14o3_Extraktion-MeOH-Acetone_Toluol-Chloroform_Kat-3_C18_ESI_neg_01.mzML-BS51_20161201_R14o3_Extraktion-MeOH-Acetone_Toluol-Chloroform_Kat-3_C18_ESI_neg_02.mzML-BS51_20161201_R14o3_Extraktion-MeOH-Acetone_Toluol-Chloroform_Kat-3_C18_ESI_neg_03.mzML,20161201_Kat-3_neg_01-20161201_Kat-3_neg_02-20161201_Kat-3_neg_03,Ruthenium,3.0,20161201_Kat3_neg_01_1543-20161201_Kat3_neg_02_1510-20161201_Kat3_neg_03_1531,1,0.5918390228955274,0.6542639446858123,1
30,Ruthenium_AvSpec_30,1,Ruthenium_74,254.2246838265625,9.98644415,9.9998151,292828.09375,253.2174072265625,9384131.130369,253.21766347767112,2002834.0625,negative,BS51_20161201_R14o3_Extraktion-MeOH-Acetone_Toluol-Chloroform_Kat-3_C18_ESI_neg_01.mzML-BS51_20161201_R14o3_Extraktion-MeOH-Acetone_Toluol-Chloroform_Kat-6_C18_ESI_neg_01.mzML,20161201_Kat-3_neg_01-20161201_Kat-6_neg_01,Ruthenium,2.0,20161201_Kat3_neg_01_2055-20161201_Kat6_neg_01_2083,21,2.199905716186045,0.9650301013462067,2
31,Ruthenium_AvSpec_31,1,Ruthenium_79,242.224363777556,10.168854499999998,10.179997,442050.71875,241.217087177556,12880590.096865,241.21670792924263,2634390.375,negative,BS51_20161201_R14o3_Extraktion-MeOH-Acetone_Toluol-Chloroform_Kat-3_C18_ESI_neg_01.mzML-BS51_20161201_R14o3_Extraktion-MeOH-Acetone_Toluol-Chloroform_Kat-3_C18_ESI_neg_03.mzML,20161201_Kat-3_neg_01-20161201_Kat-3_neg_03,Ruthenium,2.0,20161201_Kat3_neg_01_2119-20161201_Kat3_neg_03_2110,21,2.3144489540855733,0.9875335378160509,1
32,Ruthenium_AvSpec_32,1,Ruthenium_82,270.2560059002964,10.44295490909091,10.45267990909091,892989.0426136364,269.2487293002964,19658403.69304337,269.2489685176479,4053690.9431818174,negative,BS51_20161201_R14o3_Extraktion-MeOH-Acetone_Toluol-Chloroform_Kat-3_C18_ESI_neg_01.mzML-BS51_20161201_R14o3_Extraktion-MeOH-Acetone_Toluol-Chloroform_Kat-3_C18_ESI_neg_02.mzML-BS51_20161201_R14o3_Extraktion-MeOH-Acetone_Toluol-Chloroform_Kat-3_C18_ESI_neg_03.mzML-BS51_20161201_R14o3_Extraktion-MeOH-Acetone_Toluol-Chloroform_Kat-6_C18_ESI_neg_01.mzML-BS51_20161201_R14o3_Extraktion-MeOH-Acetone_Toluol-Chloroform_Kat-6_C18_ESI_neg_02.mzML-BS51_20161201_R14o3_Extraktion-MeOH-Acetone_Toluol-Chloroform_Kat-6_C18_ESI_neg_03.mzML,20161201_Kat-3_neg_01-20161201_Kat-3_neg_02-20161201_Kat-3_neg_03-20161201_Kat-6_neg_01-20161201_Kat-6_neg_02-20161201_Kat-6_neg_03,Ruthenium,11.0,20161201_Kat3_neg_01_2155-20161201_Kat3_neg_01_2183-20161201_Kat3_neg_02_2163-20161201_Kat3_neg_03_2158-20161201_Kat6_neg_01_2134-20161201_Kat6_neg_01_2146-20161201_Kat6_neg_01_2158-20161201_Kat6_neg_01_2169-20161201_Kat6_neg_02_2147-20161201_Kat6_neg_02_2157-20161201_Kat6_neg_03_2186,1,2.487795906954506,1.0216489732471383,1
33,Ruthenium_AvSpec_33,1,Ruthenium_82,270.256223933888,10.404949,10.41832,300135.71875,269.248947333888,6669368.993164,269.2489720807398,1408291.5,negative,BS51_20161201_R14o3_Extraktion-MeOH-Acetone_Toluol-Chloroform_Kat-3_C18_ESI_neg_01.mzML,20161201_Kat-3_neg_01,Ruthenium,1.0,20161201_Kat3_neg_01_2167,1,2.4659530068562923,1.0173464665251637,1
34,Ruthenium_AvSpec_34,1,Ruthenium_62,244.16730392055703,5.486225266666668,5.500218333333333,61740.98046875,243.160027320557,2035413.0235186664,243.15985667909635,430984.8645833333,negative,BS51_20161201_R14o3_Extraktion-MeOH-Acetone_Toluol-Chloroform_Kat-3_C18_ESI_neg_02.mzML-BS51_20161201_R14o3_Extraktion-MeOH-Acetone_Toluol-Chloroform_Kat-6_C18_ESI_neg_01.mzML,20161201_Kat-3_neg_02-20161201_Kat-6_neg_01,Ruthenium,3.0,20161201_Kat3_neg_02_1103-20161201_Kat6_neg_01_1099-20161201_Kat6_neg_01_1111,1,-0.6605280060481896,0.42791785625552753,1
35,Ruthenium_AvSpec_35,1,Ruthenium_41,214.09872032703,6.6194946,6.6332863,72292.5859375,213.09144372703,2390591.836212,213.0914895045873,460337.75,negative,BS51_20161201_R14o3_Extraktion-MeOH-Acetone_Toluol-Chloroform_Kat-3_C18_ESI_neg_02.mzML,20161201_Kat-3_neg_02,Ruthenium,1.0,20161201_Kat3_neg_02_1331,1,0.059773387500396805,0.5552235761134103,1
36,Ruthenium_AvSpec_36,1,Ruthenium_11,258.0892019845535,6.70465085,6.71811955,50547.861328125,257.0819253845536,2925643.993103,257.0817801645826,568772.3125,negative,BS51_20161201_R14o3_Extraktion-MeOH-Acetone_Toluol-Chloroform_Kat-3_C18_ESI_neg_02.mzML,20161201_Kat-3_neg_02,Ruthenium,2.0,20161201_Kat3_neg_02_1343-20161201_Kat3_neg_02_1355,1,0.1137026397534808,0.5651167060586544,1
37,Ruthenium_AvSpec_37,1,Ruthenium_18,236.0832729577215,7.1616209,7.17516155,86208.734375,235.0759963577215,3529286.950394,235.07574712314528,623101.6875,negative,BS51_20161201_R14o3_Extraktion-MeOH-Acetone_Toluol-Chloroform_Kat-3_C18_ESI_neg_02.mzML,20161201_Kat-3_neg_02,Ruthenium,2.0,20161201_Kat3_neg_02_1439-20161201_Kat3_neg_02_1451,1,0.4042483079702944,0.619012540307743,1
38,Ruthenium_AvSpec_38,1,Ruthenium_20,250.09918497413105,7.5495554,7.5633534,75421.5625,249.091908374131,2486313.843689,249.0921231410097,531139.9375,negative,BS51_20161201_R14o3_Extraktion-MeOH-Acetone_Toluol-Chloroform_Kat-3_C18_ESI_neg_02.mzML,20161201_Kat-3_neg_02,Ruthenium,1.0,20161201_Kat3_neg_02_1527,1,0.651025322893584,0.6654487198340593,1
39,Ruthenium_AvSpec_39,1,Ruthenium_78,228.2083432064193,9.538103166666666,9.547016966666666,1205200.9791666667,227.2010666064193,34208722.495686665,227.20123205291767,7057300.416666667,negative,BS51_20161201_R14o3_Extraktion-MeOH-Acetone_Toluol-Chloroform_Kat-3_C18_ESI_neg_02.mzML-BS51_20161201_R14o3_Extraktion-MeOH-Acetone_Toluol-Chloroform_Kat-6_C18_ESI_neg_03.mzML,20161201_Kat-3_neg_02-20161201_Kat-6_neg_03,Ruthenium,3.0,20161201_Kat3_neg_02_1950-20161201_Kat6_neg_03_1955-20161201_Kat6_neg_03_1989,21,1.9120579117902603,0.9086335505173349,1
40,Ruthenium_AvSpec_40,1,Ruthenium_74,254.2243826584008,9.928813755555556,9.940203755555556,442877.6736111111,253.2171060584008,12704887.70347767,253.21683468975567,2687424.965277778,negative,BS51_20161201_R14o3_Extraktion-MeOH-Acetone_Toluol-Chloroform_Kat-3_C18_ESI_neg_02.mzML-BS51_20161201_R14o3_Extraktion-MeOH-Acetone_Toluol-Chloroform_Kat-3_C18_ESI_neg_03.mzML-BS51_20161201_R14o3_Extraktion-MeOH-Acetone_Toluol-Chloroform_Kat-6_C18_ESI_neg_02.mzML-BS51_20161201_R14o3_Extraktion-MeOH-Acetone_Toluol-Chloroform_Kat-6_C18_ESI_neg_03.mzML,20161201_Kat-3_neg_02-20161201_Kat-3_neg_03-20161201_Kat-6_neg_02-20161201_Kat-6_neg_03,Ruthenium,9.0,20161201_Kat3_neg_02_2034-20161201_Kat3_neg_02_2046-20161201_Kat3_neg_02_2059-20161201_Kat3_neg_03_2047-20161201_Kat3_neg_03_2071-20161201_Kat6_neg_02_2023-20161201_Kat6_neg_03_2031-20161201_Kat6_neg_03_2054-20161201_Kat6_neg_03_2066,21,2.1620102538326678,0.9575923898102939,2
41,Ruthenium_AvSpec_41,1,Ruthenium_80,242.22422043563785,9.9862746,9.99518818,1028909.6625,241.2169438356378,25591740.678082,241.2167646284452,5438059.1,negative,BS51_20161201_R14o3_Extraktion-MeOH-Acetone_Toluol-Chloroform_Kat-3_C18_ESI_neg_02.mzML-BS51_20161201_R14o3_Extraktion-MeOH-Acetone_Toluol-Chloroform_Kat-3_C18_ESI_neg_03.mzML-BS51_20161201_R14o3_Extraktion-MeOH-Acetone_Toluol-Chloroform_Kat-6_C18_ESI_neg_03.mzML,20161201_Kat-3_neg_02-20161201_Kat-3_neg_03-20161201_Kat-6_neg_03,Ruthenium,5.0,20161201_Kat3_neg_02_2042-20161201_Kat3_neg_02_2054-20161201_Kat3_neg_03_2086-20161201_Kat6_neg_03_2047-20161201_Kat6_neg_03_2069,21,2.1969643419508875,0.9644526668066545,1
42,Ruthenium_AvSpec_42,1,Ruthenium_82,270.25589261958487,10.439493,10.4503746,918846.840625,269.2486160195849,17498853.344245803,269.2489881410965,3555901.2,negative,BS51_20161201_R14o3_Extraktion-MeOH-Acetone_Toluol-Chloroform_Kat-3_C18_ESI_neg_02.mzML-BS51_20161201_R14o3_Extraktion-MeOH-Acetone_Toluol-Chloroform_Kat-3_C18_ESI_neg_03.mzML-BS51_20161201_R14o3_Extraktion-MeOH-Acetone_Toluol-Chloroform_Kat-6_C18_ESI_neg_02.mzML-BS51_20161201_R14o3_Extraktion-MeOH-Acetone_Toluol-Chloroform_Kat-6_C18_ESI_neg_03.mzML,20161201_Kat-3_neg_02-20161201_Kat-3_neg_03-20161201_Kat-6_neg_02-20161201_Kat-6_neg_03,Ruthenium,10.0,20161201_Kat3_neg_02_2126-20161201_Kat3_neg_02_2138-20161201_Kat3_neg_02_2150-20161201_Kat3_neg_03_2170-20161201_Kat3_neg_03_2183-20161201_Kat6_neg_02_2133-20161201_Kat6_neg_02_2171-20161201_Kat6_neg_03_2151-20161201_Kat6_neg_03_2163-20161201_Kat6_neg_03_2175,1,2.486330401442402,1.0213602726656548,1
43,Ruthenium_AvSpec_43,1,Ruthenium_08,192.00574179683977,6.3126785666666665,6.320912441666667,57076.47025553385,193.01301839683984,1293040.3062905665,193.01310421208416,257325.94010416663,positive,BS51_20161201_R14o3_Extraktion-MeOH-Acetone_Toluol-Chloroform_Kat-3_C18_ESI_pos_01.mzML-BS51_20161201_R14o3_Extraktion-MeOH-Acetone_Toluol-Chloroform_Kat-3_C18_ESI_pos_02.mzML-BS51_20161201_R14o3_Extraktion-MeOH-Acetone_Toluol-Chloroform_Kat-3_C18_ESI_pos_03.mzML-BS51_20161201_R14o3_Extraktion-MeOH-Acetone_Toluol-Chloroform_Kat-6_C18_ESI_pos_01.mzML-BS51_20161201_R14o3_Extraktion-MeOH-Acetone_Toluol-Chloroform_Kat-6_C18_ESI_pos_02.mzML-BS51_20161201_R14o3_Extraktion-MeOH-Acetone_Toluol-Chloroform_Kat-6_C18_ESI_pos_03.mzML,20161201_Kat-3_pos_01-20161201_Kat-3_pos_02-20161201_Kat-3_pos_03-20161201_Kat-6_pos_01-20161201_Kat-6_pos_02-20161201_Kat-6_pos_03,Ruthenium,12.0,20161201_Kat3_pos_01_1020-20161201_Kat3_pos_01_1028-20161201_Kat3_pos_02_1035-20161201_Kat3_pos_02_1047-20161201_Kat3_pos_03_1055-20161201_Kat3_pos_03_1063-20161201_Kat6_pos_01_1058-20161201_Kat6_pos_01_1068-20161201_Kat6_pos_02_1038-20161201_Kat6_pos_02_1047-20161201_Kat6_pos_03_1048-20161201_Kat6_pos_03_1056,1,-0.1388054551506559,0.5191511308309966,1
44,Ruthenium_AvSpec_44,1,Ruthenium_07,206.02134060492912,6.591545388888889,6.601399211111112,57515.21869574653,207.0286172049291,1073425.3770689778,207.0285068157342,230539.7118055556,positive,BS51_20161201_R14o3_Extraktion-MeOH-Acetone_Toluol-Chloroform_Kat-3_C18_ESI_pos_01.mzML-BS51_20161201_R14o3_Extraktion-MeOH-Acetone_Toluol-Chloroform_Kat-3_C18_ESI_pos_02.mzML-BS51_20161201_R14o3_Extraktion-MeOH-Acetone_Toluol-Chloroform_Kat-3_C18_ESI_pos_03.mzML-BS51_20161201_R14o3_Extraktion-MeOH-Acetone_Toluol-Chloroform_Kat-6_C18_ESI_pos_01.mzML-BS51_20161201_R14o3_Extraktion-MeOH-Acetone_Toluol-Chloroform_Kat-6_C18_ESI_pos_02.mzML-BS51_20161201_R14o3_Extraktion-MeOH-Acetone_Toluol-Chloroform_Kat-6_C18_ESI_pos_03.mzML,20161201_Kat-3_pos_01-20161201_Kat-3_pos_02-20161201_Kat-3_pos_03-20161201_Kat-6_pos_01-20161201_Kat-6_pos_02-20161201_Kat-6_pos_03,Ruthenium,9.0,20161201_Kat3_pos_01_1062-20161201_Kat3_pos_01_1072-20161201_Kat3_pos_02_1081-20161201_Kat3_pos_02_1090-20161201_Kat3_pos_03_1101-20161201_Kat3_pos_03_1110-20161201_Kat6_pos_01_1110-20161201_Kat6_pos_02_1090-20161201_Kat6_pos_03_1096,1,0.03950248121889368,0.5515150029367047,1
45,Ruthenium_AvSpec_45,1,Ruthenium_30,162.0315794592363,6.895068585714286,6.9028256,36301.02092633928,163.03885605923634,1528921.3858362786,163.038873070703,330387.6883370536,positive,BS51_20161201_R14o3_Extraktion-MeOH-Acetone_Toluol-Chloroform_Kat-3_C18_ESI_pos_01.mzML-BS51_20161201_R14o3_Extraktion-MeOH-Acetone_Toluol-Chloroform_Kat-3_C18_ESI_pos_02.mzML-BS51_20161201_R14o3_Extraktion-MeOH-Acetone_Toluol-Chloroform_Kat-3_C18_ESI_pos_03.mzML-BS51_20161201_R14o3_Extraktion-MeOH-Acetone_Toluol-Chloroform_Kat-6_C18_ESI_pos_02.mzML,20161201_Kat-3_pos_01-20161201_Kat-3_pos_02-20161201_Kat-3_pos_03-20161201_Kat-6_pos_02,Ruthenium,14.0,20161201_Kat3_pos_01_1102-20161201_Kat3_pos_01_1112-20161201_Kat3_pos_01_1120-20161201_Kat3_pos_01_1128-20161201_Kat3_pos_02_1121-20161201_Kat3_pos_02_1130-20161201_Kat3_pos_02_1140-20161201_Kat3_pos_02_1148-20161201_Kat3_pos_03_1139-20161201_Kat3_pos_03_1145-20161201_Kat3_pos_03_1151-20161201_Kat3_pos_03_1158-20161201_Kat3_pos_03_1165-20161201_Kat6_pos_02_1131,1,0.23112192008425628,0.5867832556172305,1
46,Ruthenium_AvSpec_46,1,Ruthenium_31,176.04723115827466,7.53666087,7.54430416,50128.634521484375,177.05450775827472,2391971.118491325,177.0543796468241,445772.8765625,positive,BS51_20161201_R14o3_Extraktion-MeOH-Acetone_Toluol-Chloroform_Kat-3_C18_ESI_pos_01.mzML-BS51_20161201_R14o3_Extraktion-MeOH-Acetone_Toluol-Chloroform_Kat-3_C18_ESI_pos_02.mzML-BS51_20161201_R14o3_Extraktion-MeOH-Acetone_Toluol-Chloroform_Kat-3_C18_ESI_pos_03.mzML,20161201_Kat-3_pos_01-20161201_Kat-3_pos_02-20161201_Kat-3_pos_03,Ruthenium,20.0,20161201_Kat3_pos_01_1193-20161201_Kat3_pos_01_1205-20161201_Kat3_pos_01_1216-20161201_Kat3_pos_01_1224-20161201_Kat3_pos_01_1232-20161201_Kat3_pos_01_1240-20161201_Kat3_pos_01_1248-20161201_Kat3_pos_02_1211-20161201_Kat3_pos_02_1222-20161201_Kat3_pos_02_1231-20161201_Kat3_pos_02_1238-20161201_Kat3_pos_02_1246-20161201_Kat3_pos_02_1254-20161201_Kat3_pos_03_1229-20161201_Kat3_pos_03_1238-20161201_Kat3_pos_03_1247-20161201_Kat3_pos_03_1255-20161201_Kat3_pos_03_1262-20161201_Kat3_pos_03_1270-20161201_Kat3_pos_03_1276,1,0.6389155514397101,0.6631579831809155,1
47,Ruthenium_AvSpec_47,1,Ruthenium_71,211.1570123567303,8.091518509090909,8.102491872727272,5907.0641978870735,212.16428895673025,1886491.0026678727,212.16435831148044,253015.03373579544,positive,BS51_20161201_R14o3_Extraktion-MeOH-Acetone_Toluol-Chloroform_Kat-3_C18_ESI_pos_01.mzML-BS51_20161201_R14o3_Extraktion-MeOH-Acetone_Toluol-Chloroform_Kat-3_C18_ESI_pos_02.mzML-BS51_20161201_R14o3_Extraktion-MeOH-Acetone_Toluol-Chloroform_Kat-3_C18_ESI_pos_03.mzML-BS51_20161201_R14o3_Extraktion-MeOH-Acetone_Toluol-Chloroform_Kat-6_C18_ESI_pos_01.mzML-BS51_20161201_R14o3_Extraktion-MeOH-Acetone_Toluol-Chloroform_Kat-6_C18_ESI_pos_02.mzML-BS51_20161201_R14o3_Extraktion-MeOH-Acetone_Toluol-Chloroform_Kat-6_C18_ESI_pos_03.mzML,20161201_Kat-3_pos_01-20161201_Kat-3_pos_02-20161201_Kat-3_pos_03-20161201_Kat-6_pos_01-20161201_Kat-6_pos_02-20161201_Kat-6_pos_03,Ruthenium,11.0,20161201_Kat3_pos_01_1310-20161201_Kat3_pos_01_1320-20161201_Kat3_pos_02_1320-20161201_Kat3_pos_02_1330-20161201_Kat3_pos_03_1339-20161201_Kat3_pos_03_1350-20161201_Kat6_pos_01_1362-20161201_Kat6_pos_01_1373-20161201_Kat6_pos_02_1318-20161201_Kat6_pos_02_1329-20161201_Kat6_pos_03_1344,1,0.993760449687047,0.7307182908642357,1
48,Ruthenium_AvSpec_48,1,Ruthenium_69,180.1148707448558,9.538722814285716,9.549680014285713,23977.984375,181.12214734485588,1648156.6685104,181.12227228661357,308839.89481026784,positive,BS51_20161201_R14o3_Extraktion-MeOH-Acetone_Toluol-Chloroform_Kat-3_C18_ESI_pos_01.mzML-BS51_20161201_R14o3_Extraktion-MeOH-Acetone_Toluol-Chloroform_Kat-3_C18_ESI_pos_02.mzML-BS51_20161201_R14o3_Extraktion-MeOH-Acetone_Toluol-Chloroform_Kat-3_C18_ESI_pos_03.mzML-BS51_20161201_R14o3_Extraktion-MeOH-Acetone_Toluol-Chloroform_Kat-6_C18_ESI_pos_01.mzML-BS51_20161201_R14o3_Extraktion-MeOH-Acetone_Toluol-Chloroform_Kat-6_C18_ESI_pos_02.mzML-BS51_20161201_R14o3_Extraktion-MeOH-Acetone_Toluol-Chloroform_Kat-6_C18_ESI_pos_03.mzML,20161201_Kat-3_pos_01-20161201_Kat-3_pos_02-20161201_Kat-3_pos_03-20161201_Kat-6_pos_01-20161201_Kat-6_pos_02-20161201_Kat-6_pos_03,Ruthenium,14.0,20161201_Kat3_pos_01_1562-20161201_Kat3_pos_01_1573-20161201_Kat3_pos_02_1557-20161201_Kat3_pos_02_1565-20161201_Kat3_pos_03_1575-20161201_Kat3_pos_03_1586-20161201_Kat6_pos_01_1622-20161201_Kat6_pos_01_1632-20161201_Kat6_pos_02_1553-20161201_Kat6_pos_02_1563-20161201_Kat6_pos_02_1571-20161201_Kat6_pos_03_1573-20161201_Kat6_pos_03_1583-20161201_Kat6_pos_03_1592,1,1.9137508348694698,0.908964533313616,1
49,Ruthenium_AvSpec_49,1,Ruthenium_60,180.0937644451711,10.06516335,10.0751065,89078.354296875,181.10104104517117,2268414.1314893,181.1009368685099,452032.665625,positive,BS51_20161201_R14o3_Extraktion-MeOH-Acetone_Toluol-Chloroform_Kat-3_C18_ESI_pos_01.mzML-BS51_20161201_R14o3_Extraktion-MeOH-Acetone_Toluol-Chloroform_Kat-3_C18_ESI_pos_02.mzML-BS51_20161201_R14o3_Extraktion-MeOH-Acetone_Toluol-Chloroform_Kat-3_C18_ESI_pos_03.mzML,20161201_Kat-3_pos_01-20161201_Kat-3_pos_02-20161201_Kat-3_pos_03,Ruthenium,10.0,20161201_Kat3_pos_01_1650-20161201_Kat3_pos_01_1662-20161201_Kat3_pos_01_1672-20161201_Kat3_pos_01_1681-20161201_Kat3_pos_02_1634-20161201_Kat3_pos_02_1648-20161201_Kat3_pos_02_1656-20161201_Kat3_pos_03_1651-20161201_Kat3_pos_03_1666-20161201_Kat3_pos_03_1677,1,2.247769129447801,0.974429486383945,1
50,Ruthenium_AvSpec_50,1,Ruthenium_53,192.093726245799,10.289671,10.294127,839291.9375,193.101002845799,14071725.82333,193.1009297256265,2871970.75,positive,BS51_20161201_R14o3_Extraktion-MeOH-Acetone_Toluol-Chloroform_Kat-3_C18_ESI_pos_01.mzML,20161201_Kat-3_pos_01,Ruthenium,1.0,20161201_Kat3_pos_01_1708,1,2.387002411127996,1.0018040063513127,1
51,Ruthenium_AvSpec_51,1,Ruthenium_68,182.10943891887183,10.430461714285714,10.43868557142857,50449.564174107145,183.11671551887184,3659890.865793429,183.11689627202728,602706.9151785715,positive,BS51_20161201_R14o3_Extraktion-MeOH-Acetone_Toluol-Chloroform_Kat-3_C18_ESI_pos_01.mzML-BS51_20161201_R14o3_Extraktion-MeOH-Acetone_Toluol-Chloroform_Kat-3_C18_ESI_pos_02.mzML-BS51_20161201_R14o3_Extraktion-MeOH-Acetone_Toluol-Chloroform_Kat-3_C18_ESI_pos_03.mzML,20161201_Kat-3_pos_01-20161201_Kat-3_pos_02-20161201_Kat-3_pos_03,Ruthenium,7.0,20161201_Kat3_pos_01_1726-20161201_Kat3_pos_01_1737-20161201_Kat3_pos_01_1748-20161201_Kat3_pos_02_1705-20161201_Kat3_pos_02_1716-20161201_Kat3_pos_03_1722-20161201_Kat3_pos_03_1733,1,2.478899581917954,1.0198964933633592,1
52,Ruthenium_AvSpec_52,1,Ruthenium_61,194.10943990794613,10.509447,10.515523666666668,244442.0436197917,195.11671650794617,5639746.730135583,195.1166917415635,1100254.3932291667,positive,BS51_20161201_R14o3_Extraktion-MeOH-Acetone_Toluol-Chloroform_Kat-3_C18_ESI_pos_01.mzML-BS51_20161201_R14o3_Extraktion-MeOH-Acetone_Toluol-Chloroform_Kat-3_C18_ESI_pos_02.mzML-BS51_20161201_R14o3_Extraktion-MeOH-Acetone_Toluol-Chloroform_Kat-3_C18_ESI_pos_03.mzML,20161201_Kat-3_pos_01-20161201_Kat-3_pos_02-20161201_Kat-3_pos_03,Ruthenium,6.0,20161201_Kat3_pos_01_1744-20161201_Kat3_pos_01_1757-20161201_Kat3_pos_02_1720-20161201_Kat3_pos_02_1733-20161201_Kat3_pos_03_1737-20161201_Kat3_pos_03_1745,1,2.5277462431120217,1.029520861562235,1
53,Ruthenium_AvSpec_53,1,Ruthenium_50,206.1093880361608,10.542311000000002,10.551404333333332,188989.54079861112,207.1166646361608,5156638.792438889,207.11675649217565,925216.9270833334,positive,BS51_20161201_R14o3_Extraktion-MeOH-Acetone_Toluol-Chloroform_Kat-3_C18_ESI_pos_01.mzML-BS51_20161201_R14o3_Extraktion-MeOH-Acetone_Toluol-Chloroform_Kat-3_C18_ESI_pos_02.mzML-BS51_20161201_R14o3_Extraktion-MeOH-Acetone_Toluol-Chloroform_Kat-3_C18_ESI_pos_03.mzML,20161201_Kat-3_pos_01-20161201_Kat-3_pos_02-20161201_Kat-3_pos_03,Ruthenium,9.0,20161201_Kat3_pos_01_1746-20161201_Kat3_pos_01_1756-20161201_Kat3_pos_01_1769-20161201_Kat3_pos_02_1722-20161201_Kat3_pos_02_1732-20161201_Kat3_pos_02_1745-20161201_Kat3_pos_03_1739-20161201_Kat3_pos_03_1749-20161201_Kat3_pos_03_1758,1,2.5505559023396898,1.034016841383613,1
54,Ruthenium_AvSpec_54,1,Ruthenium_35,216.093726266506,10.485773,10.496799,185956.6953125,217.10100286650604,4535785.9193072,217.1008814781954,827465.9625,positive,BS51_20161201_R14o3_Extraktion-MeOH-Acetone_Toluol-Chloroform_Kat-3_C18_ESI_pos_01.mzML-BS51_20161201_R14o3_Extraktion-MeOH-Acetone_Toluol-Chloroform_Kat-3_C18_ESI_pos_02.mzML-BS51_20161201_R14o3_Extraktion-MeOH-Acetone_Toluol-Chloroform_Kat-3_C18_ESI_pos_03.mzML,20161201_Kat-3_pos_01-20161201_Kat-3_pos_02-20161201_Kat-3_pos_03,Ruthenium,5.0,20161201_Kat3_pos_01_1750-20161201_Kat3_pos_02_1717-20161201_Kat3_pos_02_1728-20161201_Kat3_pos_03_1731-20161201_Kat3_pos_03_1741,1,2.51584280581566,1.0271750288249524,1
55,Ruthenium_AvSpec_55,1,Ruthenium_49,206.1093692129885,10.8998375,10.9140845,89413.513671875,207.1166458129885,3041688.2715035,207.1167409224229,447122.9609375,positive,BS51_20161201_R14o3_Extraktion-MeOH-Acetone_Toluol-Chloroform_Kat-3_C18_ESI_pos_01.mzML-BS51_20161201_R14o3_Extraktion-MeOH-Acetone_Toluol-Chloroform_Kat-3_C18_ESI_pos_03.mzML,20161201_Kat-3_pos_01-20161201_Kat-3_pos_03,Ruthenium,2.0,20161201_Kat3_pos_01_1830-20161201_Kat3_pos_03_1807,1,2.781114913050193,1.0795207939761051,1
56,Ruthenium_AvSpec_56,1,Ruthenium_51,206.10936482276327,11.095825588235297,11.101501470588234,160092.7853860294,207.1166414227633,6246977.489298411,207.11674904891575,1160183.7242647058,positive,BS51_20161201_R14o3_Extraktion-MeOH-Acetone_Toluol-Chloroform_Kat-3_C18_ESI_pos_01.mzML-BS51_20161201_R14o3_Extraktion-MeOH-Acetone_Toluol-Chloroform_Kat-3_C18_ESI_pos_02.mzML-BS51_20161201_R14o3_Extraktion-MeOH-Acetone_Toluol-Chloroform_Kat-3_C18_ESI_pos_03.mzML,20161201_Kat-3_pos_01-20161201_Kat-3_pos_02-20161201_Kat-3_pos_03,Ruthenium,17.0,20161201_Kat3_pos_01_1840-20161201_Kat3_pos_01_1852-20161201_Kat3_pos_01_1864-20161201_Kat3_pos_01_1888-20161201_Kat3_pos_02_1804-20161201_Kat3_pos_02_1812-20161201_Kat3_pos_02_1820-20161201_Kat3_pos_02_1832-20161201_Kat3_pos_02_1840-20161201_Kat3_pos_02_1849-20161201_Kat3_pos_03_1817-20161201_Kat3_pos_03_1825-20161201_Kat3_pos_03_1833-20161201_Kat3_pos_03_1841-20161201_Kat3_pos_03_1849-20161201_Kat3_pos_03_1857-20161201_Kat3_pos_03_1865,1,2.900257549732884,1.1030743475157474,1
57,Ruthenium_AvSpec_57,1,Ruthenium_51,206.109420389202,11.155207,11.159663,281731.53125,207.116696989202,12359637.98505,207.1166859421275,2345421.5,positive,BS51_20161201_R14o3_Extraktion-MeOH-Acetone_Toluol-Chloroform_Kat-3_C18_ESI_pos_01.mzML,20161201_Kat-3_pos_01,Ruthenium,1.0,20161201_Kat3_pos_01_1876,1,2.93723135176301,1.110388823503596,1
58,Ruthenium_AvSpec_58,1,Ruthenium_59,208.12495850837703,11.321881,11.331243181818182,65115.93714488636,209.13223510837705,3567412.107664455,209.13242279061024,570562.0454545454,positive,BS51_20161201_R14o3_Extraktion-MeOH-Acetone_Toluol-Chloroform_Kat-3_C18_ESI_pos_01.mzML-BS51_20161201_R14o3_Extraktion-MeOH-Acetone_Toluol-Chloroform_Kat-3_C18_ESI_pos_02.mzML-BS51_20161201_R14o3_Extraktion-MeOH-Acetone_Toluol-Chloroform_Kat-3_C18_ESI_pos_03.mzML,20161201_Kat-3_pos_01-20161201_Kat-3_pos_02-20161201_Kat-3_pos_03,Ruthenium,11.0,20161201_Kat3_pos_01_1889-20161201_Kat3_pos_01_1901-20161201_Kat3_pos_01_1912-20161201_Kat3_pos_01_1925-20161201_Kat3_pos_01_1941-20161201_Kat3_pos_02_1853-20161201_Kat3_pos_02_1865-20161201_Kat3_pos_02_1876-20161201_Kat3_pos_03_1858-20161201_Kat3_pos_03_1870-20161201_Kat3_pos_03_1898,1,3.0463064008375493,1.1319802772898833,1
59,Ruthenium_AvSpec_59,1,Ruthenium_39,194.0730076868344,11.278265,11.2885735,97536.63623046876,195.0802842868344,2942875.479025,195.08049782032333,577823.234375,positive,BS51_20161201_R14o3_Extraktion-MeOH-Acetone_Toluol-Chloroform_Kat-3_C18_ESI_pos_01.mzML-BS51_20161201_R14o3_Extraktion-MeOH-Acetone_Toluol-Chloroform_Kat-3_C18_ESI_pos_02.mzML-BS51_20161201_R14o3_Extraktion-MeOH-Acetone_Toluol-Chloroform_Kat-3_C18_ESI_pos_03.mzML,20161201_Kat-3_pos_01-20161201_Kat-3_pos_02-20161201_Kat-3_pos_03,Ruthenium,8.0,20161201_Kat3_pos_01_1890-20161201_Kat3_pos_01_1900-20161201_Kat3_pos_01_1914-20161201_Kat3_pos_02_1852-20161201_Kat3_pos_02_1861-20161201_Kat3_pos_02_1873-20161201_Kat3_pos_03_1863-20161201_Kat3_pos_03_1873,1,3.0191809042388518,1.1266089578590408,1
60,Ruthenium_AvSpec_60,1,Ruthenium_45,238.135346868546,11.235886,11.245203,27895.890625,239.142623468546,2720971.59103,239.1428529997441,431237.21875,positive,BS51_20161201_R14o3_Extraktion-MeOH-Acetone_Toluol-Chloroform_Kat-3_C18_ESI_pos_01.mzML,20161201_Kat-3_pos_01,Ruthenium,1.0,20161201_Kat3_pos_01_1893,1,2.991609891282937,1.1211506382585437,1
61,Ruthenium_AvSpec_61,1,Ruthenium_45,238.13549209476585,11.390817166666665,11.4044765,44688.02327473959,239.14276869476583,2392809.9194183336,239.14284910896973,437454.4453125,positive,BS51_20161201_R14o3_Extraktion-MeOH-Acetone_Toluol-Chloroform_Kat-3_C18_ESI_pos_01.mzML-BS51_20161201_R14o3_Extraktion-MeOH-Acetone_Toluol-Chloroform_Kat-3_C18_ESI_pos_02.mzML-BS51_20161201_R14o3_Extraktion-MeOH-Acetone_Toluol-Chloroform_Kat-3_C18_ESI_pos_03.mzML,20161201_Kat-3_pos_01-20161201_Kat-3_pos_02-20161201_Kat-3_pos_03,Ruthenium,6.0,20161201_Kat3_pos_01_1918-20161201_Kat3_pos_01_1929-20161201_Kat3_pos_02_1874-20161201_Kat3_pos_02_1884-20161201_Kat3_pos_03_1886-20161201_Kat3_pos_03_1899,1,3.092861473165417,1.1412017160004888,1
62,Ruthenium_AvSpec_62,1,Ruthenium_34,230.10929513535183,11.485162818181818,11.494827272727273,91095.63955965907,231.11657173535195,3163143.1072691823,231.11628586588893,553380.6448863636,positive,BS51_20161201_R14o3_Extraktion-MeOH-Acetone_Toluol-Chloroform_Kat-3_C18_ESI_pos_01.mzML-BS51_20161201_R14o3_Extraktion-MeOH-Acetone_Toluol-Chloroform_Kat-3_C18_ESI_pos_02.mzML-BS51_20161201_R14o3_Extraktion-MeOH-Acetone_Toluol-Chloroform_Kat-3_C18_ESI_pos_03.mzML,20161201_Kat-3_pos_01-20161201_Kat-3_pos_02-20161201_Kat-3_pos_03,Ruthenium,11.0,20161201_Kat3_pos_01_1922-20161201_Kat3_pos_01_1932-20161201_Kat3_pos_01_1945-20161201_Kat3_pos_01_1957-20161201_Kat3_pos_01_1969-20161201_Kat3_pos_02_1881-20161201_Kat3_pos_02_1893-20161201_Kat3_pos_02_1906-20161201_Kat3_pos_03_1895-20161201_Kat3_pos_03_1906-20161201_Kat3_pos_03_1917,1,3.150298263735976,1.1525832005498242,1
63,Ruthenium_AvSpec_63,1,Ruthenium_48,220.12495583523668,11.582526375,11.5880046875,234276.4541015625,221.1322324352367,8288565.465478625,221.13206370038512,1726482.66796875,positive,BS51_20161201_R14o3_Extraktion-MeOH-Acetone_Toluol-Chloroform_Kat-3_C18_ESI_pos_01.mzML-BS51_20161201_R14o3_Extraktion-MeOH-Acetone_Toluol-Chloroform_Kat-3_C18_ESI_pos_02.mzML-BS51_20161201_R14o3_Extraktion-MeOH-Acetone_Toluol-Chloroform_Kat-3_C18_ESI_pos_03.mzML,20161201_Kat-3_pos_01-20161201_Kat-3_pos_02-20161201_Kat-3_pos_03,Ruthenium,16.0,20161201_Kat3_pos_01_1936-20161201_Kat3_pos_01_1948-20161201_Kat3_pos_01_1960-20161201_Kat3_pos_01_1972-20161201_Kat3_pos_01_1985-20161201_Kat3_pos_02_1892-20161201_Kat3_pos_02_1916-20161201_Kat3_pos_02_1928-20161201_Kat3_pos_02_1940-20161201_Kat3_pos_03_1893-20161201_Kat3_pos_03_1901-20161201_Kat3_pos_03_1913-20161201_Kat3_pos_03_1921-20161201_Kat3_pos_03_1929-20161201_Kat3_pos_03_1941-20161201_Kat3_pos_03_1949,1,3.20953197581902,1.1643259759963385,1
64,Ruthenium_AvSpec_64,1,Ruthenium_25,242.109247203043,11.580773777777775,11.589417222222222,159328.04079861112,243.11652380304295,3740820.404657,243.11646309518704,708556.7465277778,positive,BS51_20161201_R14o3_Extraktion-MeOH-Acetone_Toluol-Chloroform_Kat-3_C18_ESI_pos_01.mzML-BS51_20161201_R14o3_Extraktion-MeOH-Acetone_Toluol-Chloroform_Kat-3_C18_ESI_pos_02.mzML-BS51_20161201_R14o3_Extraktion-MeOH-Acetone_Toluol-Chloroform_Kat-3_C18_ESI_pos_03.mzML,20161201_Kat-3_pos_01-20161201_Kat-3_pos_02-20161201_Kat-3_pos_03,Ruthenium,9.0,20161201_Kat3_pos_01_1938-20161201_Kat3_pos_01_1954-20161201_Kat3_pos_01_1964-20161201_Kat3_pos_01_1976-20161201_Kat3_pos_02_1894-20161201_Kat3_pos_02_1920-20161201_Kat3_pos_02_1932-20161201_Kat3_pos_03_1922-20161201_Kat3_pos_03_1934,1,3.210429936717026,1.1645040320357987,1
65,Ruthenium_AvSpec_65,1,Ruthenium_23,256.12479896835725,12.03337509090909,12.042067,132004.40980113635,257.13207556835727,4490756.668378636,257.13172958928106,757402.2471590909,positive,BS51_20161201_R14o3_Extraktion-MeOH-Acetone_Toluol-Chloroform_Kat-3_C18_ESI_pos_01.mzML-BS51_20161201_R14o3_Extraktion-MeOH-Acetone_Toluol-Chloroform_Kat-3_C18_ESI_pos_02.mzML-BS51_20161201_R14o3_Extraktion-MeOH-Acetone_Toluol-Chloroform_Kat-3_C18_ESI_pos_03.mzML,20161201_Kat-3_pos_01-20161201_Kat-3_pos_02-20161201_Kat-3_pos_03,Ruthenium,11.0,20161201_Kat3_pos_01_2025-20161201_Kat3_pos_01_2036-20161201_Kat3_pos_01_2049-20161201_Kat3_pos_01_2060-20161201_Kat3_pos_01_2073-20161201_Kat3_pos_02_1997-20161201_Kat3_pos_02_2009-20161201_Kat3_pos_02_2021-20161201_Kat3_pos_03_1986-20161201_Kat3_pos_03_1997-20161201_Kat3_pos_03_2007,1,3.4981834301654096,1.2216204685376397,1
66,Ruthenium_AvSpec_66,1,Ruthenium_33,244.1248663625674,12.0084506,12.0184172,90472.61015625,245.13214296256743,3482532.9258452,245.1318586245567,628608.1875,positive,BS51_20161201_R14o3_Extraktion-MeOH-Acetone_Toluol-Chloroform_Kat-3_C18_ESI_pos_01.mzML-BS51_20161201_R14o3_Extraktion-MeOH-Acetone_Toluol-Chloroform_Kat-3_C18_ESI_pos_02.mzML-BS51_20161201_R14o3_Extraktion-MeOH-Acetone_Toluol-Chloroform_Kat-3_C18_ESI_pos_03.mzML,20161201_Kat-3_pos_01-20161201_Kat-3_pos_02-20161201_Kat-3_pos_03,Ruthenium,5.0,20161201_Kat3_pos_01_2026-20161201_Kat3_pos_01_2042-20161201_Kat3_pos_01_2053-20161201_Kat3_pos_02_2000-20161201_Kat3_pos_03_2010,1,3.483149041763051,1.2186335445890235,1
67,Ruthenium_AvSpec_67,1,Ruthenium_46,234.1405341365736,12.056252083333334,12.06390975,197756.02278645837,235.1478107365736,6996764.602615584,235.1478483594069,1408894.9114583333,positive,BS51_20161201_R14o3_Extraktion-MeOH-Acetone_Toluol-Chloroform_Kat-3_C18_ESI_pos_01.mzML-BS51_20161201_R14o3_Extraktion-MeOH-Acetone_Toluol-Chloroform_Kat-3_C18_ESI_pos_02.mzML-BS51_20161201_R14o3_Extraktion-MeOH-Acetone_Toluol-Chloroform_Kat-3_C18_ESI_pos_03.mzML,20161201_Kat-3_pos_01-20161201_Kat-3_pos_02-20161201_Kat-3_pos_03,Ruthenium,12.0,20161201_Kat3_pos_01_2028-20161201_Kat3_pos_01_2041-20161201_Kat3_pos_01_2052-20161201_Kat3_pos_01_2064-20161201_Kat3_pos_01_2077-20161201_Kat3_pos_02_1992-20161201_Kat3_pos_02_2004-20161201_Kat3_pos_02_2016-20161201_Kat3_pos_03_1985-20161201_Kat3_pos_03_2006-20161201_Kat3_pos_03_2018-20161201_Kat3_pos_03_2031,1,3.512069060795514,1.2243794203664244,1
68,Ruthenium_AvSpec_68,1,Ruthenium_36,208.0885817642331,12.155099625,12.16406575,164994.7568359375,209.09585836423312,5336202.725930375,209.09595207475152,1039168.77734375,positive,BS51_20161201_R14o3_Extraktion-MeOH-Acetone_Toluol-Chloroform_Kat-3_C18_ESI_pos_01.mzML-BS51_20161201_R14o3_Extraktion-MeOH-Acetone_Toluol-Chloroform_Kat-3_C18_ESI_pos_02.mzML-BS51_20161201_R14o3_Extraktion-MeOH-Acetone_Toluol-Chloroform_Kat-3_C18_ESI_pos_03.mzML,20161201_Kat-3_pos_01-20161201_Kat-3_pos_02-20161201_Kat-3_pos_03,Ruthenium,8.0,20161201_Kat3_pos_01_2066-20161201_Kat3_pos_01_2076-20161201_Kat3_pos_01_2084-20161201_Kat3_pos_02_2013-20161201_Kat3_pos_02_2026-20161201_Kat3_pos_03_2019-20161201_Kat3_pos_03_2029-20161201_Kat3_pos_03_2037,1,3.575739121634391,1.2370331840918463,2
69,Ruthenium_AvSpec_69,1,Ruthenium_47,248.15621049733164,12.466357214285711,12.475736928571427,107723.81863839286,249.16348709733165,3837421.642401144,249.1637373345272,722532.7834821428,positive,BS51_20161201_R14o3_Extraktion-MeOH-Acetone_Toluol-Chloroform_Kat-3_C18_ESI_pos_01.mzML-BS51_20161201_R14o3_Extraktion-MeOH-Acetone_Toluol-Chloroform_Kat-3_C18_ESI_pos_02.mzML-BS51_20161201_R14o3_Extraktion-MeOH-Acetone_Toluol-Chloroform_Kat-3_C18_ESI_pos_03.mzML,20161201_Kat-3_pos_01-20161201_Kat-3_pos_02-20161201_Kat-3_pos_03,Ruthenium,14.0,20161201_Kat3_pos_01_2118-20161201_Kat3_pos_01_2129-20161201_Kat3_pos_01_2140-20161201_Kat3_pos_01_2152-20161201_Kat3_pos_01_2165-20161201_Kat3_pos_02_2058-20161201_Kat3_pos_02_2069-20161201_Kat3_pos_02_2081-20161201_Kat3_pos_02_2092-20161201_Kat3_pos_02_2105-20161201_Kat3_pos_03_2067-20161201_Kat3_pos_03_2079-20161201_Kat3_pos_03_2090-20161201_Kat3_pos_03_2101,1,3.7738712645051917,1.2764409215673598,1
70,Ruthenium_AvSpec_70,1,Ruthenium_24,270.1405687934408,12.481815166666664,12.493116666666667,104384.3271484375,271.1478453934407,3418074.133769084,271.1475358705995,578398.4192708334,positive,BS51_20161201_R14o3_Extraktion-MeOH-Acetone_Toluol-Chloroform_Kat-3_C18_ESI_pos_01.mzML-BS51_20161201_R14o3_Extraktion-MeOH-Acetone_Toluol-Chloroform_Kat-3_C18_ESI_pos_02.mzML-BS51_20161201_R14o3_Extraktion-MeOH-Acetone_Toluol-Chloroform_Kat-3_C18_ESI_pos_03.mzML,20161201_Kat-3_pos_01-20161201_Kat-3_pos_02-20161201_Kat-3_pos_03,Ruthenium,12.0,20161201_Kat3_pos_01_2122-20161201_Kat3_pos_01_2133-20161201_Kat3_pos_01_2145-20161201_Kat3_pos_01_2157-20161201_Kat3_pos_02_2066-20161201_Kat3_pos_02_2077-20161201_Kat3_pos_02_2089-20161201_Kat3_pos_02_2106-20161201_Kat3_pos_03_2075-20161201_Kat3_pos_03_2086-20161201_Kat3_pos_03_2098-20161201_Kat3_pos_03_2110,1,3.784919718735473,1.2786397414166708,1
71,Ruthenium_AvSpec_71,1,Ruthenium_37,222.10422565988011,12.645105583333333,12.653035333333332,115015.89794921876,223.11150225988013,3325874.5865265,223.11119397097076,630686.06640625,positive,BS51_20161201_R14o3_Extraktion-MeOH-Acetone_Toluol-Chloroform_Kat-3_C18_ESI_pos_01.mzML-BS51_20161201_R14o3_Extraktion-MeOH-Acetone_Toluol-Chloroform_Kat-3_C18_ESI_pos_02.mzML-BS51_20161201_R14o3_Extraktion-MeOH-Acetone_Toluol-Chloroform_Kat-3_C18_ESI_pos_03.mzML,20161201_Kat-3_pos_01-20161201_Kat-3_pos_02-20161201_Kat-3_pos_03,Ruthenium,12.0,20161201_Kat3_pos_01_2160-20161201_Kat3_pos_01_2172-20161201_Kat3_pos_01_2184-20161201_Kat3_pos_01_2196-20161201_Kat3_pos_02_2102-20161201_Kat3_pos_02_2112-20161201_Kat3_pos_02_2125-20161201_Kat3_pos_02_2140-20161201_Kat3_pos_03_2087-20161201_Kat3_pos_03_2107-20161201_Kat3_pos_03_2117-20161201_Kat3_pos_03_2130,1,3.8865814388115427,1.298878307707408,1
72,Ruthenium_AvSpec_72,1,Ruthenium_57,308.234719214216,13.224053333333336,13.233846333333332,38838.7060546875,309.241995814216,5235354.486183167,309.24167803116524,828048.4322916666,positive,BS51_20161201_R14o3_Extraktion-MeOH-Acetone_Toluol-Chloroform_Kat-3_C18_ESI_pos_01.mzML-BS51_20161201_R14o3_Extraktion-MeOH-Acetone_Toluol-Chloroform_Kat-3_C18_ESI_pos_02.mzML-BS51_20161201_R14o3_Extraktion-MeOH-Acetone_Toluol-Chloroform_Kat-3_C18_ESI_pos_03.mzML,20161201_Kat-3_pos_01-20161201_Kat-3_pos_02-20161201_Kat-3_pos_03,Ruthenium,6.0,20161201_Kat3_pos_01_2276-20161201_Kat3_pos_01_2290-20161201_Kat3_pos_01_2301-20161201_Kat3_pos_02_2225-20161201_Kat3_pos_02_2237-20161201_Kat3_pos_03_2227,1,4.255808162181993,1.3724712783200366,1
73,Ruthenium_AvSpec_73,1,Ruthenium_60,180.0936572638335,10.192228,10.2025595,55388.67578125,181.10093386383352,1630186.1370085,181.100965849837,323054.453125,positive,BS51_20161201_R14o3_Extraktion-MeOH-Acetone_Toluol-Chloroform_Kat-3_C18_ESI_pos_02.mzML-BS51_20161201_R14o3_Extraktion-MeOH-Acetone_Toluol-Chloroform_Kat-3_C18_ESI_pos_03.mzML,20161201_Kat-3_pos_02-20161201_Kat-3_pos_03,Ruthenium,2.0,20161201_Kat3_pos_02_1669-20161201_Kat3_pos_03_1686,1,2.3287921361982518,0.9903536987402414,1
74,Ruthenium_AvSpec_74,1,Ruthenium_49,206.109453136328,10.894884,10.909465,57907.77734375,207.116729736328,1929685.137162,207.1166839209443,289158.09375,positive,BS51_20161201_R14o3_Extraktion-MeOH-Acetone_Toluol-Chloroform_Kat-3_C18_ESI_pos_02.mzML,20161201_Kat-3_pos_02,Ruthenium,1.0,20161201_Kat3_pos_02_1794,1,2.7781782557750954,1.0789405628582505,1
75,Ruthenium_AvSpec_75,1,Ruthenium_59,208.1250495224475,11.4175475,11.42576525,39253.43212890625,209.13232612244752,2386739.794626,209.13254147543245,412124.078125,positive,BS51_20161201_R14o3_Extraktion-MeOH-Acetone_Toluol-Chloroform_Kat-3_C18_ESI_pos_02.mzML-BS51_20161201_R14o3_Extraktion-MeOH-Acetone_Toluol-Chloroform_Kat-3_C18_ESI_pos_03.mzML,20161201_Kat-3_pos_02-20161201_Kat-3_pos_03,Ruthenium,4.0,20161201_Kat3_pos_02_1889-20161201_Kat3_pos_03_1881-20161201_Kat3_pos_03_1889-20161201_Kat3_pos_03_1910,1,3.1063949210635253,1.143883002584011,1
76,Ruthenium_AvSpec_76,1,Ruthenium_48,220.12504313787292,11.536409,11.540866,277393.875,221.132319737873,9935863.214722,221.13201987057067,2021376.625,positive,BS51_20161201_R14o3_Extraktion-MeOH-Acetone_Toluol-Chloroform_Kat-3_C18_ESI_pos_02.mzML,20161201_Kat-3_pos_02,Ruthenium,1.0,20161201_Kat3_pos_02_1904,1,3.1795654925230576,1.1583846239998687,1
77,Ruthenium_AvSpec_77,1,Ruthenium_25,242.109326612985,11.507938,11.519887,116312.03515625,243.116603212985,2286512.7651265003,243.11647777006664,425807.8125,positive,BS51_20161201_R14o3_Extraktion-MeOH-Acetone_Toluol-Chloroform_Kat-3_C18_ESI_pos_02.mzML-BS51_20161201_R14o3_Extraktion-MeOH-Acetone_Toluol-Chloroform_Kat-3_C18_ESI_pos_03.mzML,20161201_Kat-3_pos_02-20161201_Kat-3_pos_03,Ruthenium,2.0,20161201_Kat3_pos_02_1910-20161201_Kat3_pos_03_1902,1,3.1662289554574894,1.155740862956037,1
78,Ruthenium_AvSpec_78,1,Ruthenium_46,234.14066380805824,11.92606125,11.93061225,118606.091796875,235.14794040805828,4875893.232448749,235.1478313074949,858833.484375,positive,BS51_20161201_R14o3_Extraktion-MeOH-Acetone_Toluol-Chloroform_Kat-3_C18_ESI_pos_02.mzML-BS51_20161201_R14o3_Extraktion-MeOH-Acetone_Toluol-Chloroform_Kat-3_C18_ESI_pos_03.mzML,20161201_Kat-3_pos_02-20161201_Kat-3_pos_03,Ruthenium,4.0,20161201_Kat3_pos_02_1968-20161201_Kat3_pos_02_1980-20161201_Kat3_pos_03_1977-20161201_Kat3_pos_03_1993,1,3.4273306533643964,1.20754649375753,1
79,Ruthenium_AvSpec_79,1,Ruthenium_33,244.1249723767715,11.9420575,11.95410825,57047.814453125,245.1322489767715,2376990.10271825,245.13223226082437,392247.26171875,positive,BS51_20161201_R14o3_Extraktion-MeOH-Acetone_Toluol-Chloroform_Kat-3_C18_ESI_pos_02.mzML-BS51_20161201_R14o3_Extraktion-MeOH-Acetone_Toluol-Chloroform_Kat-3_C18_ESI_pos_03.mzML,20161201_Kat-3_pos_02-20161201_Kat-3_pos_03,Ruthenium,4.0,20161201_Kat3_pos_02_1974-20161201_Kat3_pos_02_1985-20161201_Kat3_pos_03_1983-20161201_Kat3_pos_03_1994,1,3.442267269737559,1.2105129157636554,1
80,Ruthenium_AvSpec_80,1,Ruthenium_23,256.124927662868,11.949960999999998,11.957348,88956.09375,257.132204262868,2668402.952404,257.1326666452926,466598.640625,positive,BS51_20161201_R14o3_Extraktion-MeOH-Acetone_Toluol-Chloroform_Kat-3_C18_ESI_pos_02.mzML,20161201_Kat-3_pos_02,Ruthenium,2.0,20161201_Kat3_pos_02_1976-20161201_Kat3_pos_02_1984,1,3.4443268076544378,1.2109219642430382,1
81,Ruthenium_AvSpec_81,1,Ruthenium_66,310.250486417882,13.576904,13.590277,28733.822265625,311.257763017882,3905331.635315,311.2578619700751,762454.25,positive,BS51_20161201_R14o3_Extraktion-MeOH-Acetone_Toluol-Chloroform_Kat-3_C18_ESI_pos_02.mzML,20161201_Kat-3_pos_02,Ruthenium,1.0,20161201_Kat3_pos_02_2298,1,4.482394310106315,1.4176954137785898,1
82,Ruthenium_AvSpec_82,1,Ruthenium_66,310.250366664466,13.5924585,13.6060305,24936.9794921875,311.257643264466,3448525.2136540003,311.2578851647703,704520.671875,positive,BS51_20161201_R14o3_Extraktion-MeOH-Acetone_Toluol-Chloroform_Kat-3_C18_ESI_pos_02.mzML-BS51_20161201_R14o3_Extraktion-MeOH-Acetone_Toluol-Chloroform_Kat-3_C18_ESI_pos_03.mzML,20161201_Kat-3_pos_02-20161201_Kat-3_pos_03,Ruthenium,2.0,20161201_Kat3_pos_02_2310-20161201_Kat3_pos_03_2291,1,4.49240895030186,1.4196952192869414,1
83,Ruthenium_AvSpec_83,1,Ruthenium_39,194.073093795448,11.337721,11.352258,37411.70703125,195.080370395448,1197363.496399,195.08047586610093,220831.03125,positive,BS51_20161201_R14o3_Extraktion-MeOH-Acetone_Toluol-Chloroform_Kat-3_C18_ESI_pos_03.mzML,20161201_Kat-3_pos_03,Ruthenium,1.0,20161201_Kat3_pos_03_1883,1,3.0596657078401686,1.1346260843757918,1
84,Ruthenium_AvSpec_84,1,Ruthenium_66,310.250241320745,13.61269,13.617147,31534.62890625,311.257517920745,3849530.446442,311.25808373968783,771124.125,positive,BS51_20161201_R14o3_Extraktion-MeOH-Acetone_Toluol-Chloroform_Kat-3_C18_ESI_pos_03.mzML,20161201_Kat-3_pos_03,Ruthenium,1.0,20161201_Kat3_pos_03_2301,1,4.499475808316516,1.4211064362768107,1
85,Ruthenium_AvSpec_85,1,Ruthenium_80,242.22434963905,10.054716,10.059172,2357326.25,241.21707303905,47003964.33229,241.2167313769637,9789611.0,negative,BS51_20161201_R14o3_Extraktion-MeOH-Acetone_Toluol-Chloroform_Kat-6_C18_ESI_neg_01.mzML,20161201_Kat-6_neg_01,Ruthenium,1.0,20161201_Kat6_neg_01_2073,22,2.2376394259408996,0.9724397385712655,1
86,Ruthenium_AvSpec_86,1,Ruthenium_80,242.224543410094,10.110831,10.115287,2567550.75,241.217266810094,61269589.58667,241.217597665016,12163862.0,negative,BS51_20161201_R14o3_Extraktion-MeOH-Acetone_Toluol-Chloroform_Kat-6_C18_ESI_neg_01.mzML,20161201_Kat-6_neg_01,Ruthenium,1.0,20161201_Kat6_neg_01_2085,23,2.273312231004737,0.979447978017833,1
87,Ruthenium_AvSpec_87,1,Ruthenium_79,242.224365691916,10.166933,10.171389,2214563.0,241.217089091916,53043056.05817,241.2166929801731,10797162.0,negative,BS51_20161201_R14o3_Extraktion-MeOH-Acetone_Toluol-Chloroform_Kat-6_C18_ESI_neg_01.mzML,20161201_Kat-6_neg_01,Ruthenium,1.0,20161201_Kat6_neg_01_2097,22,2.3089767718528433,0.9864577256308883,1
88,Ruthenium_AvSpec_88,1,Ruthenium_79,242.224514439307,10.223075,10.227531,983796.0625,241.217237839307,23885487.98926,241.2175819311182,4726207.5,negative,BS51_20161201_R14o3_Extraktion-MeOH-Acetone_Toluol-Chloroform_Kat-6_C18_ESI_neg_01.mzML,20161201_Kat-6_neg_01,Ruthenium,1.0,20161201_Kat6_neg_01_2109,21,2.344666741057052,0.9934755394604439,1
89,Ruthenium_AvSpec_89,1,Ruthenium_62,244.167131741369,5.4526546,5.46421615,82054.9296875,243.159855141369,2278427.9936675,243.15983814270865,491577.90625,negative,BS51_20161201_R14o3_Extraktion-MeOH-Acetone_Toluol-Chloroform_Kat-6_C18_ESI_neg_02.mzML,20161201_Kat-6_neg_02,Ruthenium,2.0,20161201_Kat6_neg_02_1091-20161201_Kat6_neg_02_1102,1,-0.6834149145026572,0.424069172384954,1
90,Ruthenium_AvSpec_90,1,Ruthenium_72,226.19278532802755,8.954355249999999,8.96772615,124595.76171875,225.18550872802751,3943889.2282255,225.18514758480185,811953.65625,negative,BS51_20161201_R14o3_Extraktion-MeOH-Acetone_Toluol-Chloroform_Kat-6_C18_ESI_neg_02.mzML,20161201_Kat-6_neg_02,Ruthenium,2.0,20161201_Kat6_neg_02_1827-20161201_Kat6_neg_02_1839,22,1.543797582498248,0.8368630978652583,1
91,Ruthenium_AvSpec_91,1,Ruthenium_80,242.224245416102,10.030941,10.035397,1788625.0,241.216968816102,62134399.93498,241.2166724122243,12975115.0,negative,BS51_20161201_R14o3_Extraktion-MeOH-Acetone_Toluol-Chloroform_Kat-6_C18_ESI_neg_02.mzML,20161201_Kat-6_neg_02,Ruthenium,1.0,20161201_Kat6_neg_02_2061,24,2.2225254467839406,0.9694714245067768,1
92,Ruthenium_AvSpec_92,1,Ruthenium_79,242.224244344583,10.143258,10.147716,1859618.875,241.216967744583,51366530.85156,241.2166850431354,10394004.0,negative,BS51_20161201_R14o3_Extraktion-MeOH-Acetone_Toluol-Chloroform_Kat-6_C18_ESI_neg_02.mzML,20161201_Kat-6_neg_02,Ruthenium,1.0,20161201_Kat6_neg_02_2085,23,2.2939276350039415,0.9834994899357016,1
93,Ruthenium_AvSpec_93,1,Ruthenium_76,268.240217273828,10.330456,10.343827,347887.625,267.232940673828,8993128.557617,267.23298437150606,1933473.125,negative,BS51_20161201_R14o3_Extraktion-MeOH-Acetone_Toluol-Chloroform_Kat-6_C18_ESI_neg_02.mzML,20161201_Kat-6_neg_02,Ruthenium,1.0,20161201_Kat6_neg_02_2127,1,2.4185971435822964,1.0080221594762973,2
94,Ruthenium_AvSpec_94,1,Ruthenium_83,312.3030501907788,12.96929925,12.9793275,279746.50390625,311.2957735907788,5768554.3546145,311.2958911815987,1214714.34375,negative,BS51_20161201_R14o3_Extraktion-MeOH-Acetone_Toluol-Chloroform_Kat-6_C18_ESI_neg_02.mzML-BS51_20161201_R14o3_Extraktion-MeOH-Acetone_Toluol-Chloroform_Kat-6_C18_ESI_neg_03.mzML,20161201_Kat-6_neg_02-20161201_Kat-6_neg_03,Ruthenium,4.0,20161201_Kat6_neg_02_2686-20161201_Kat6_neg_03_2683-20161201_Kat6_neg_03_2706-20161201_Kat6_neg_03_2718,1,4.09400827397785,1.3402056476327,1
95,Ruthenium_AvSpec_95,1,Ruthenium_83,312.302939918867,12.9762435,12.9851585,323950.09375,311.295663318867,7494453.020996001,311.295788440587,1558204.8125,negative,BS51_20161201_R14o3_Extraktion-MeOH-Acetone_Toluol-Chloroform_Kat-6_C18_ESI_neg_02.mzML-BS51_20161201_R14o3_Extraktion-MeOH-Acetone_Toluol-Chloroform_Kat-6_C18_ESI_neg_03.mzML,20161201_Kat-6_neg_02-20161201_Kat-6_neg_03,Ruthenium,2.0,20161201_Kat6_neg_02_2698-20161201_Kat6_neg_03_2694,1,4.097715092588326,1.3409445750960696,1
96,Ruthenium_AvSpec_96,1,Ruthenium_83,312.30281039911904,13.075368,13.088741,255198.484375,311.295533799119,5210665.367508,311.2958227344087,1062650.875,negative,BS51_20161201_R14o3_Extraktion-MeOH-Acetone_Toluol-Chloroform_Kat-6_C18_ESI_neg_02.mzML,20161201_Kat-6_neg_02,Ruthenium,1.0,20161201_Kat6_neg_02_2711,1,4.163563409981633,1.3540731373453814,1
97,Ruthenium_AvSpec_97,1,Ruthenium_78,228.208477760224,9.5624973,9.5669536,2322974.5,227.201201160224,69480152.95032,227.20123498527803,14738700.0,negative,BS51_20161201_R14o3_Extraktion-MeOH-Acetone_Toluol-Chloroform_Kat-6_C18_ESI_neg_03.mzML,20161201_Kat-6_neg_03,Ruthenium,1.0,20161201_Kat6_neg_03_1977,22,1.9247318070861563,0.9111116332264089,1
98,Ruthenium_AvSpec_98,1,Ruthenium_80,242.224210373454,10.05026,10.054718,2297783.25,241.216933773454,52319294.52905,241.2167901480732,11291802.0,negative,BS51_20161201_R14o3_Extraktion-MeOH-Acetone_Toluol-Chloroform_Kat-6_C18_ESI_neg_03.mzML,20161201_Kat-6_neg_03,Ruthenium,1.0,20161201_Kat6_neg_03_2081,25,2.2348079784891604,0.9718836117782491,1
99,Ruthenium_AvSpec_99,1,Ruthenium_79,242.22413149150304,10.219056,10.232427,288031.09375,241.216854891503,7737122.015656,241.2167935470824,1618606.75,negative,BS51_20161201_R14o3_Extraktion-MeOH-Acetone_Toluol-Chloroform_Kat-6_C18_ESI_neg_03.mzML,20161201_Kat-6_neg_03,Ruthenium,1.0,20161201_Kat6_neg_03_2119,21,2.3477791718436944,0.9940876883949903,1
100,Ruthenium_AvSpec_100,1,Ruthenium_38,180.05729496518052,9.3139318125,9.323291650000002,118913.0263671875,181.06457156518053,2650066.956638988,181.06453818034828,562014.560546875,positive,BS51_20161201_R14o3_Extraktion-MeOH-Acetone_Toluol-Chloroform_Kat-6_C18_ESI_pos_01.mzML-BS51_20161201_R14o3_Extraktion-MeOH-Acetone_Toluol-Chloroform_Kat-6_C18_ESI_pos_02.mzML-BS51_20161201_R14o3_Extraktion-MeOH-Acetone_Toluol-Chloroform_Kat-6_C18_ESI_pos_03.mzML,20161201_Kat-6_pos_01-20161201_Kat-6_pos_02-20161201_Kat-6_pos_03,Ruthenium,8.0,20161201_Kat6_pos_01_1572-20161201_Kat6_pos_01_1584-20161201_Kat6_pos_01_1596-20161201_Kat6_pos_01_1604-20161201_Kat6_pos_02_1517-20161201_Kat6_pos_03_1535-20161201_Kat6_pos_03_1545-20161201_Kat6_pos_03_1560,1,1.769833736270429,0.8808598910494625,1
101,Ruthenium_AvSpec_101,1,Ruthenium_15,310.1564156065673,11.746890333333331,11.757120666666667,43402.64811197917,311.1636922065673,3218311.560633,311.1639864399181,562940.3541666666,positive,BS51_20161201_R14o3_Extraktion-MeOH-Acetone_Toluol-Chloroform_Kat-6_C18_ESI_pos_01.mzML-BS51_20161201_R14o3_Extraktion-MeOH-Acetone_Toluol-Chloroform_Kat-6_C18_ESI_pos_02.mzML-BS51_20161201_R14o3_Extraktion-MeOH-Acetone_Toluol-Chloroform_Kat-6_C18_ESI_pos_03.mzML,20161201_Kat-6_pos_01-20161201_Kat-6_pos_02-20161201_Kat-6_pos_03,Ruthenium,6.0,20161201_Kat6_pos_01_2050-20161201_Kat6_pos_01_2060-20161201_Kat6_pos_02_1933-20161201_Kat6_pos_02_1943-20161201_Kat6_pos_03_1944-20161201_Kat6_pos_03_1954,1,3.3170405093304267,1.185652013713345,1
102,Ruthenium_AvSpec_102,1,Ruthenium_13,384.2376378786364,14.531147,14.541844,297050.778125,385.2449144786364,6136287.203863801,385.2455356982223,1226286.9625,positive,BS51_20161201_R14o3_Extraktion-MeOH-Acetone_Toluol-Chloroform_Kat-6_C18_ESI_pos_01.mzML-BS51_20161201_R14o3_Extraktion-MeOH-Acetone_Toluol-Chloroform_Kat-6_C18_ESI_pos_02.mzML-BS51_20161201_R14o3_Extraktion-MeOH-Acetone_Toluol-Chloroform_Kat-6_C18_ESI_pos_03.mzML,20161201_Kat-6_pos_01-20161201_Kat-6_pos_02-20161201_Kat-6_pos_03,Ruthenium,5.0,20161201_Kat6_pos_01_2622-20161201_Kat6_pos_02_2488-20161201_Kat6_pos_03_2460-20161201_Kat6_pos_03_2470-20161201_Kat6_pos_03_2484,1,5.087313923332386,1.538625127152615,1
103,Ruthenium_AvSpec_103,1,Ruthenium_38,180.0574073377305,9.36890725,9.37842485,72612.66796875,181.0646839377305,1541616.2976885,181.06453362423943,311300.546875,positive,BS51_20161201_R14o3_Extraktion-MeOH-Acetone_Toluol-Chloroform_Kat-6_C18_ESI_pos_02.mzML,20161201_Kat-6_pos_02,Ruthenium,2.0,20161201_Kat6_pos_02_1528-20161201_Kat6_pos_02_1540,1,1.8048824023337908,0.8876981101555259,1
104,Ruthenium_AvSpec_104,1,Ruthenium_13,384.237860401457,14.470192,14.479106,455272.5625,385.245137001457,8250245.907227,385.2454052751961,1739844.375,positive,BS51_20161201_R14o3_Extraktion-MeOH-Acetone_Toluol-Chloroform_Kat-6_C18_ESI_pos_02.mzML,20161201_Kat-6_pos_02,Ruthenium,1.0,20161201_Kat6_pos_02_2464,1,5.047430818207281,1.5306442738631665,1
105,Ruthenium_AvSpec_105,1,Ruthenium_13,384.23774781283,14.530325,14.53924,346649.78125,385.24502441283,6771777.537231,385.245746631187,1337591.125,positive,BS51_20161201_R14o3_Extraktion-MeOH-Acetone_Toluol-Chloroform_Kat-6_C18_ESI_pos_02.mzML,20161201_Kat-6_pos_02,Ruthenium,1.0,20161201_Kat6_pos_02_2476,1,5.085658537350274,1.5382938540904612,1
106,Ruthenium_AvSpec_106,1,Ruthenium_27,418.3079223373159,15.75392725,15.765794125,123352.255859375,419.3151989373159,5166124.721503125,419.3148780824045,1026799.625,positive,BS51_20161201_R14o3_Extraktion-MeOH-Acetone_Toluol-Chloroform_Kat-6_C18_ESI_pos_02.mzML-BS51_20161201_R14o3_Extraktion-MeOH-Acetone_Toluol-Chloroform_Kat-6_C18_ESI_pos_03.mzML,20161201_Kat-6_pos_02-20161201_Kat-6_pos_03,Ruthenium,8.0,20161201_Kat6_pos_02_2713-20161201_Kat6_pos_02_2725-20161201_Kat6_pos_02_2737-20161201_Kat6_pos_02_2749-20161201_Kat6_pos_03_2704-20161201_Kat6_pos_03_2715-20161201_Kat6_pos_03_2727-20161201_Kat6_pos_03_2739,1,5.865389914011964,1.694507343195794,2
107,Ruthenium_AvSpec_107,1,Ruthenium_86,325.370394765515,11.287551,11.292411,64673.109375,326.377671365515,1308806.637369,326.3771642176096,204461.734375,positive,BS51_20161201_R14o3_Extraktion-MeOH-Acetone_Toluol-Chloroform_Kat-6_C18_ESI_pos_03.mzML,20161201_Kat-6_pos_03,Ruthenium,1.0,20161201_Kat6_pos_03_1870,1,3.0216204371521993,1.127091979289541,2
108,Ruthenium_AvSpec_108,1,Ruthenium_28,437.335044375206,13.256502,13.265818,27646.373046875,438.342320975206,2685019.129364,438.34319234855707,415003.53125,positive,BS51_20161201_R14o3_Extraktion-MeOH-Acetone_Toluol-Chloroform_Kat-6_C18_ESI_pos_03.mzML,20161201_Kat-6_pos_03,Ruthenium,1.0,20161201_Kat6_pos_03_2223,1,4.276132835309779,1.3765260522372422,1
